"ags","region","anteil_18_24","tooltip"
"01001","Flensburg (Stadt)",9.87632619750141,"Hier leben rund <b>   79 650</b> deutsche Personen, davon sind etwa <b>  7870</b> zwischen 18 und 24 Jahre alt. Das entspricht einem Anteil von <b> 9,9 Prozent</b>."
"01002","Kiel (Stadt)",10.1565015778966,"Hier leben rund <b>  217 380</b> deutsche Personen, davon sind etwa <b> 22 080</b> zwischen 18 und 24 Jahre alt. Das entspricht einem Anteil von <b>10,2 Prozent</b>."
"01003","Lübeck (Stadt)",7.53875208216184,"Hier leben rund <b>  188 510</b> deutsche Personen, davon sind etwa <b> 14 210</b> zwischen 18 und 24 Jahre alt. Das entspricht einem Anteil von <b> 7,5 Prozent</b>."
"01004","Neumünster (Stadt)",7.2567424451247,"Hier leben rund <b>   68 930</b> deutsche Personen, davon sind etwa <b>  5000</b> zwischen 18 und 24 Jahre alt. Das entspricht einem Anteil von <b> 7,3 Prozent</b>."
"01051","Dithmarschen",6.26235399820305,"Hier leben rund <b>  122 430</b> deutsche Personen, davon sind etwa <b>  7670</b> zwischen 18 und 24 Jahre alt. Das entspricht einem Anteil von <b> 6,3 Prozent</b>."
"01053","Herzogtum Lauenburg",6.12249306103053,"Hier leben rund <b>  185 190</b> deutsche Personen, davon sind etwa <b> 11 340</b> zwischen 18 und 24 Jahre alt. Das entspricht einem Anteil von <b> 6,1 Prozent</b>."
"01054","Nordfriesland",6.19362480313423,"Hier leben rund <b>  153 660</b> deutsche Personen, davon sind etwa <b>  9520</b> zwischen 18 und 24 Jahre alt. Das entspricht einem Anteil von <b> 6,2 Prozent</b>."
"01055","Ostholstein",5.31947515372573,"Hier leben rund <b>  185 880</b> deutsche Personen, davon sind etwa <b>  9890</b> zwischen 18 und 24 Jahre alt. Das entspricht einem Anteil von <b> 5,3 Prozent</b>."
"01056","Pinneberg",6.42231569499699,"Hier leben rund <b>  280 770</b> deutsche Personen, davon sind etwa <b> 18 030</b> zwischen 18 und 24 Jahre alt. Das entspricht einem Anteil von <b> 6,4 Prozent</b>."
"01057","Plön",5.41214301374757,"Hier leben rund <b>  123 150</b> deutsche Personen, davon sind etwa <b>  6660</b> zwischen 18 und 24 Jahre alt. Das entspricht einem Anteil von <b> 5,4 Prozent</b>."
"01058","Rendsburg-Eckernförde",6.03316562750787,"Hier leben rund <b>  259 180</b> deutsche Personen, davon sind etwa <b> 15 640</b> zwischen 18 und 24 Jahre alt. Das entspricht einem Anteil von <b> 6,0 Prozent</b>."
"01059","Schleswig-Flensburg",5.85949707285568,"Hier leben rund <b>  192 000</b> deutsche Personen, davon sind etwa <b> 11 250</b> zwischen 18 und 24 Jahre alt. Das entspricht einem Anteil von <b> 5,9 Prozent</b>."
"01060","Segeberg",6.1805679056257,"Hier leben rund <b>  253 030</b> deutsche Personen, davon sind etwa <b> 15 640</b> zwischen 18 und 24 Jahre alt. Das entspricht einem Anteil von <b> 6,2 Prozent</b>."
"01061","Steinburg",6.05753546537492,"Hier leben rund <b>  121 390</b> deutsche Personen, davon sind etwa <b>  7350</b> zwischen 18 und 24 Jahre alt. Das entspricht einem Anteil von <b> 6,1 Prozent</b>."
"01062","Stormarn",5.8944436483485,"Hier leben rund <b>  223 310</b> deutsche Personen, davon sind etwa <b> 13 160</b> zwischen 18 und 24 Jahre alt. Das entspricht einem Anteil von <b> 5,9 Prozent</b>."
"02000","Hamburg",7.55166138545899,"Hier leben rund <b>1 503 440</b> deutsche Personen, davon sind etwa <b>113 540</b> zwischen 18 und 24 Jahre alt. Das entspricht einem Anteil von <b> 7,6 Prozent</b>."
"03101","Braunschweig (Stadt)",7.88526571688555,"Hier leben rund <b>  220 890</b> deutsche Personen, davon sind etwa <b> 17 420</b> zwischen 18 und 24 Jahre alt. Das entspricht einem Anteil von <b> 7,9 Prozent</b>."
"03102","Salzgitter (Stadt)",7.05910823401295,"Hier leben rund <b>   82 640</b> deutsche Personen, davon sind etwa <b>  5830</b> zwischen 18 und 24 Jahre alt. Das entspricht einem Anteil von <b> 7,1 Prozent</b>."
"03103","Wolfsburg (Stadt)",6.64746706954346,"Hier leben rund <b>  105 910</b> deutsche Personen, davon sind etwa <b>  7040</b> zwischen 18 und 24 Jahre alt. Das entspricht einem Anteil von <b> 6,6 Prozent</b>."
"03151","Gifhorn",6.03481960665133,"Hier leben rund <b>  161 230</b> deutsche Personen, davon sind etwa <b>  9730</b> zwischen 18 und 24 Jahre alt. Das entspricht einem Anteil von <b> 6,0 Prozent</b>."
"03153","Goslar",5.66308243727598,"Hier leben rund <b>  113 000</b> deutsche Personen, davon sind etwa <b>  6400</b> zwischen 18 und 24 Jahre alt. Das entspricht einem Anteil von <b> 5,7 Prozent</b>."
"03154","Helmstedt",5.62826585925673,"Hier leben rund <b>   81 910</b> deutsche Personen, davon sind etwa <b>  4610</b> zwischen 18 und 24 Jahre alt. Das entspricht einem Anteil von <b> 5,6 Prozent</b>."
"03155","Northeim",5.89638866876246,"Hier leben rund <b>  114 830</b> deutsche Personen, davon sind etwa <b>  6770</b> zwischen 18 und 24 Jahre alt. Das entspricht einem Anteil von <b> 5,9 Prozent</b>."
"03157","Peine",6.35236740499898,"Hier leben rund <b>  123 020</b> deutsche Personen, davon sind etwa <b>  7820</b> zwischen 18 und 24 Jahre alt. Das entspricht einem Anteil von <b> 6,4 Prozent</b>."
"03158","Wolfenbüttel",5.94245146814048,"Hier leben rund <b>  108 740</b> deutsche Personen, davon sind etwa <b>  6460</b> zwischen 18 und 24 Jahre alt. Das entspricht einem Anteil von <b> 5,9 Prozent</b>."
"03159","Göttingen",7.68066512548853,"Hier leben rund <b>  289 390</b> deutsche Personen, davon sind etwa <b> 22 230</b> zwischen 18 und 24 Jahre alt. Das entspricht einem Anteil von <b> 7,7 Prozent</b>."
"03241","Region Hannover",7.1247946506831,"Hier leben rund <b>  952 640</b> deutsche Personen, davon sind etwa <b> 67 870</b> zwischen 18 und 24 Jahre alt. Das entspricht einem Anteil von <b> 7,1 Prozent</b>."
"03251","Diepholz",6.2421596668172,"Hier leben rund <b>  199 290</b> deutsche Personen, davon sind etwa <b> 12 440</b> zwischen 18 und 24 Jahre alt. Das entspricht einem Anteil von <b> 6,2 Prozent</b>."
"03252","Hameln-Pyrmont",6.0356747259463,"Hier leben rund <b>  130 900</b> deutsche Personen, davon sind etwa <b>  7900</b> zwischen 18 und 24 Jahre alt. Das entspricht einem Anteil von <b> 6,0 Prozent</b>."
"03254","Hildesheim",7.14446538467953,"Hier leben rund <b>  239 840</b> deutsche Personen, davon sind etwa <b> 17 140</b> zwischen 18 und 24 Jahre alt. Das entspricht einem Anteil von <b> 7,1 Prozent</b>."
"03255","Holzminden",6.28462046651873,"Hier leben rund <b>   59 030</b> deutsche Personen, davon sind etwa <b>  3710</b> zwischen 18 und 24 Jahre alt. Das entspricht einem Anteil von <b> 6,3 Prozent</b>."
"03256","Nienburg (Weser)",6.62146685601722,"Hier leben rund <b>  109 140</b> deutsche Personen, davon sind etwa <b>  7230</b> zwischen 18 und 24 Jahre alt. Das entspricht einem Anteil von <b> 6,6 Prozent</b>."
"03257","Schaumburg",6.18159866482014,"Hier leben rund <b>  140 810</b> deutsche Personen, davon sind etwa <b>  8700</b> zwischen 18 und 24 Jahre alt. Das entspricht einem Anteil von <b> 6,2 Prozent</b>."
"03351","Celle",6.25761548423316,"Hier leben rund <b>  156 750</b> deutsche Personen, davon sind etwa <b>  9810</b> zwischen 18 und 24 Jahre alt. Das entspricht einem Anteil von <b> 6,3 Prozent</b>."
"03352","Cuxhaven",5.71203947190067,"Hier leben rund <b>  184 440</b> deutsche Personen, davon sind etwa <b> 10 540</b> zwischen 18 und 24 Jahre alt. Das entspricht einem Anteil von <b> 5,7 Prozent</b>."
"03353","Harburg",6.09682431897618,"Hier leben rund <b>  240 040</b> deutsche Personen, davon sind etwa <b> 14 640</b> zwischen 18 und 24 Jahre alt. Das entspricht einem Anteil von <b> 6,1 Prozent</b>."
"03354","Lüchow-Dannenberg",5.46865975094148,"Hier leben rund <b>   43 280</b> deutsche Personen, davon sind etwa <b>  2370</b> zwischen 18 und 24 Jahre alt. Das entspricht einem Anteil von <b> 5,5 Prozent</b>."
"03355","Lüneburg",7.43150165366993,"Hier leben rund <b>  164 780</b> deutsche Personen, davon sind etwa <b> 12 250</b> zwischen 18 und 24 Jahre alt. Das entspricht einem Anteil von <b> 7,4 Prozent</b>."
"03356","Osterholz",5.85802568446156,"Hier leben rund <b>  105 670</b> deutsche Personen, davon sind etwa <b>  6190</b> zwischen 18 und 24 Jahre alt. Das entspricht einem Anteil von <b> 5,9 Prozent</b>."
"03357","Rotenburg (Wümme)",6.83406935065449,"Hier leben rund <b>  151 490</b> deutsche Personen, davon sind etwa <b> 10 350</b> zwischen 18 und 24 Jahre alt. Das entspricht einem Anteil von <b> 6,8 Prozent</b>."
"03358","Heidekreis",6.5006483463263,"Hier leben rund <b>  128 020</b> deutsche Personen, davon sind etwa <b>  8320</b> zwischen 18 und 24 Jahre alt. Das entspricht einem Anteil von <b> 6,5 Prozent</b>."
"03359","Stade",6.42810845846386,"Hier leben rund <b>  185 140</b> deutsche Personen, davon sind etwa <b> 11 900</b> zwischen 18 und 24 Jahre alt. Das entspricht einem Anteil von <b> 6,4 Prozent</b>."
"03360","Uelzen",6.08321000620614,"Hier leben rund <b>   83 790</b> deutsche Personen, davon sind etwa <b>  5100</b> zwischen 18 und 24 Jahre alt. Das entspricht einem Anteil von <b> 6,1 Prozent</b>."
"03361","Verden",6.32325232331619,"Hier leben rund <b>  125 250</b> deutsche Personen, davon sind etwa <b>  7920</b> zwischen 18 und 24 Jahre alt. Das entspricht einem Anteil von <b> 6,3 Prozent</b>."
"03401","Delmenhorst (Stadt)",7.07988444670628,"Hier leben rund <b>   66 810</b> deutsche Personen, davon sind etwa <b>  4730</b> zwischen 18 und 24 Jahre alt. Das entspricht einem Anteil von <b> 7,1 Prozent</b>."
"03402","Emden (Stadt)",7.44521796009905,"Hier leben rund <b>   42 810</b> deutsche Personen, davon sind etwa <b>  3190</b> zwischen 18 und 24 Jahre alt. Das entspricht einem Anteil von <b> 7,4 Prozent</b>."
"03403","Oldenburg (Stadt)",8.61014409445259,"Hier leben rund <b>  154 830</b> deutsche Personen, davon sind etwa <b> 13 330</b> zwischen 18 und 24 Jahre alt. Das entspricht einem Anteil von <b> 8,6 Prozent</b>."
"03404","Osnabrück (Stadt)",10.6208997019277,"Hier leben rund <b>  138 560</b> deutsche Personen, davon sind etwa <b> 14 720</b> zwischen 18 und 24 Jahre alt. Das entspricht einem Anteil von <b>10,6 Prozent</b>."
"03405","Wilhelmshaven (Stadt)",6.58758705135073,"Hier leben rund <b>   65 340</b> deutsche Personen, davon sind etwa <b>  4300</b> zwischen 18 und 24 Jahre alt. Das entspricht einem Anteil von <b> 6,6 Prozent</b>."
"03451","Ammerland",6.2691861654956,"Hier leben rund <b>  117 270</b> deutsche Personen, davon sind etwa <b>  7350</b> zwischen 18 und 24 Jahre alt. Das entspricht einem Anteil von <b> 6,3 Prozent</b>."
"03452","Aurich",6.32590402547191,"Hier leben rund <b>  175 880</b> deutsche Personen, davon sind etwa <b> 11 130</b> zwischen 18 und 24 Jahre alt. Das entspricht einem Anteil von <b> 6,3 Prozent</b>."
"03453","Cloppenburg",7.74816496008501,"Hier leben rund <b>  152 450</b> deutsche Personen, davon sind etwa <b> 11 810</b> zwischen 18 und 24 Jahre alt. Das entspricht einem Anteil von <b> 7,7 Prozent</b>."
"03454","Emsland",6.95462439021022,"Hier leben rund <b>  289 650</b> deutsche Personen, davon sind etwa <b> 20 140</b> zwischen 18 und 24 Jahre alt. Das entspricht einem Anteil von <b> 7,0 Prozent</b>."
"03455","Friesland",5.59908517216552,"Hier leben rund <b>   94 440</b> deutsche Personen, davon sind etwa <b>  5290</b> zwischen 18 und 24 Jahre alt. Das entspricht einem Anteil von <b> 5,6 Prozent</b>."
"03456","Grafschaft Bentheim",6.82494288578801,"Hier leben rund <b>  121 690</b> deutsche Personen, davon sind etwa <b>  8300</b> zwischen 18 und 24 Jahre alt. Das entspricht einem Anteil von <b> 6,8 Prozent</b>."
"03457","Leer",6.54491202125362,"Hier leben rund <b>  152 820</b> deutsche Personen, davon sind etwa <b> 10 000</b> zwischen 18 und 24 Jahre alt. Das entspricht einem Anteil von <b> 6,5 Prozent</b>."
"03458","Oldenburg (Land)",6.28545609719363,"Hier leben rund <b>  119 510</b> deutsche Personen, davon sind etwa <b>  7510</b> zwischen 18 und 24 Jahre alt. Das entspricht einem Anteil von <b> 6,3 Prozent</b>."
"03459","Osnabrück (Land)",6.62700117688816,"Hier leben rund <b>  321 190</b> deutsche Personen, davon sind etwa <b> 21 280</b> zwischen 18 und 24 Jahre alt. Das entspricht einem Anteil von <b> 6,6 Prozent</b>."
"03460","Vechta",7.89863852310047,"Hier leben rund <b>  125 450</b> deutsche Personen, davon sind etwa <b>  9910</b> zwischen 18 und 24 Jahre alt. Das entspricht einem Anteil von <b> 7,9 Prozent</b>."
"03461","Wesermarsch",6.48494833008836,"Hier leben rund <b>   80 120</b> deutsche Personen, davon sind etwa <b>  5200</b> zwischen 18 und 24 Jahre alt. Das entspricht einem Anteil von <b> 6,5 Prozent</b>."
"03462","Wittmund",6.18915558955723,"Hier leben rund <b>   52 280</b> deutsche Personen, davon sind etwa <b>  3240</b> zwischen 18 und 24 Jahre alt. Das entspricht einem Anteil von <b> 6,2 Prozent</b>."
"04011","Bremen (Stadt)",7.4041792576796,"Hier leben rund <b>  452 040</b> deutsche Personen, davon sind etwa <b> 33 470</b> zwischen 18 und 24 Jahre alt. Das entspricht einem Anteil von <b> 7,4 Prozent</b>."
"04012","Bremerhaven (Stadt)",7.95380611581002,"Hier leben rund <b>   92 220</b> deutsche Personen, davon sind etwa <b>  7340</b> zwischen 18 und 24 Jahre alt. Das entspricht einem Anteil von <b> 8,0 Prozent</b>."
"05111","Düsseldorf (Stadt)",7.18764492500429,"Hier leben rund <b>  472 230</b> deutsche Personen, davon sind etwa <b> 33 940</b> zwischen 18 und 24 Jahre alt. Das entspricht einem Anteil von <b> 7,2 Prozent</b>."
"05112","Duisburg (Stadt)",7.56848841547247,"Hier leben rund <b>  383 310</b> deutsche Personen, davon sind etwa <b> 29 010</b> zwischen 18 und 24 Jahre alt. Das entspricht einem Anteil von <b> 7,6 Prozent</b>."
"05113","Essen (Stadt)",6.84789357556122,"Hier leben rund <b>  465 460</b> deutsche Personen, davon sind etwa <b> 31 870</b> zwischen 18 und 24 Jahre alt. Das entspricht einem Anteil von <b> 6,8 Prozent</b>."
"05114","Krefeld (Stadt)",6.91738187560502,"Hier leben rund <b>  184 910</b> deutsche Personen, davon sind etwa <b> 12 790</b> zwischen 18 und 24 Jahre alt. Das entspricht einem Anteil von <b> 6,9 Prozent</b>."
"05116","Mönchengladbach (Stadt)",7.01607802041144,"Hier leben rund <b>  211 840</b> deutsche Personen, davon sind etwa <b> 14 860</b> zwischen 18 und 24 Jahre alt. Das entspricht einem Anteil von <b> 7,0 Prozent</b>."
"05117","Mülheim an der Ruhr (Stadt)",6.13114384064105,"Hier leben rund <b>  141 770</b> deutsche Personen, davon sind etwa <b>  8690</b> zwischen 18 und 24 Jahre alt. Das entspricht einem Anteil von <b> 6,1 Prozent</b>."
"05119","Oberhausen (Stadt)",6.59760555082055,"Hier leben rund <b>  174 820</b> deutsche Personen, davon sind etwa <b> 11 530</b> zwischen 18 und 24 Jahre alt. Das entspricht einem Anteil von <b> 6,6 Prozent</b>."
"05120","Remscheid (Stadt)",7.30587116034424,"Hier leben rund <b>   91 450</b> deutsche Personen, davon sind etwa <b>  6680</b> zwischen 18 und 24 Jahre alt. Das entspricht einem Anteil von <b> 7,3 Prozent</b>."
"05122","Solingen (Stadt)",6.98984513649049,"Hier leben rund <b>  135 800</b> deutsche Personen, davon sind etwa <b>  9490</b> zwischen 18 und 24 Jahre alt. Das entspricht einem Anteil von <b> 7,0 Prozent</b>."
"05124","Wuppertal (Stadt)",7.77887613109269,"Hier leben rund <b>  276 170</b> deutsche Personen, davon sind etwa <b> 21 480</b> zwischen 18 und 24 Jahre alt. Das entspricht einem Anteil von <b> 7,8 Prozent</b>."
"05154","Kleve",6.39539101186226,"Hier leben rund <b>  261 920</b> deutsche Personen, davon sind etwa <b> 16 750</b> zwischen 18 und 24 Jahre alt. Das entspricht einem Anteil von <b> 6,4 Prozent</b>."
"05158","Mettmann",6.24953609148396,"Hier leben rund <b>  417 650</b> deutsche Personen, davon sind etwa <b> 26 100</b> zwischen 18 und 24 Jahre alt. Das entspricht einem Anteil von <b> 6,2 Prozent</b>."
"05162","Rhein-Kreis Neuss",6.32016962493302,"Hier leben rund <b>  390 040</b> deutsche Personen, davon sind etwa <b> 24 650</b> zwischen 18 und 24 Jahre alt. Das entspricht einem Anteil von <b> 6,3 Prozent</b>."
"05166","Viersen",6.02548625083836,"Hier leben rund <b>  260 930</b> deutsche Personen, davon sind etwa <b> 15 720</b> zwischen 18 und 24 Jahre alt. Das entspricht einem Anteil von <b> 6,0 Prozent</b>."
"05170","Wesel",5.95679224698008,"Hier leben rund <b>  406 960</b> deutsche Personen, davon sind etwa <b> 24 240</b> zwischen 18 und 24 Jahre alt. Das entspricht einem Anteil von <b> 6,0 Prozent</b>."
"05314","Bonn (Stadt)",9.22954159201728,"Hier leben rund <b>  260 660</b> deutsche Personen, davon sind etwa <b> 24 060</b> zwischen 18 und 24 Jahre alt. Das entspricht einem Anteil von <b> 9,2 Prozent</b>."
"05315","Köln (Stadt)",7.95718905176952,"Hier leben rund <b>  824 460</b> deutsche Personen, davon sind etwa <b> 65 600</b> zwischen 18 und 24 Jahre alt. Das entspricht einem Anteil von <b> 8,0 Prozent</b>."
"05316","Leverkusen (Stadt)",7.06930243791763,"Hier leben rund <b>  136 630</b> deutsche Personen, davon sind etwa <b>  9660</b> zwischen 18 und 24 Jahre alt. Das entspricht einem Anteil von <b> 7,1 Prozent</b>."
"05334","Städteregion Aachen",9.11181163095832,"Hier leben rund <b>  477 110</b> deutsche Personen, davon sind etwa <b> 43 470</b> zwischen 18 und 24 Jahre alt. Das entspricht einem Anteil von <b> 9,1 Prozent</b>."
"05358","Düren",6.47254548163353,"Hier leben rund <b>  241 640</b> deutsche Personen, davon sind etwa <b> 15 640</b> zwischen 18 und 24 Jahre alt. Das entspricht einem Anteil von <b> 6,5 Prozent</b>."
"05362","Rhein-Erft-Kreis",6.57416829454888,"Hier leben rund <b>  403 900</b> deutsche Personen, davon sind etwa <b> 26 550</b> zwischen 18 und 24 Jahre alt. Das entspricht einem Anteil von <b> 6,6 Prozent</b>."
"05366","Euskirchen",6.30339591128106,"Hier leben rund <b>  182 010</b> deutsche Personen, davon sind etwa <b> 11 470</b> zwischen 18 und 24 Jahre alt. Das entspricht einem Anteil von <b> 6,3 Prozent</b>."
"05370","Heinsberg",6.40534071194853,"Hier leben rund <b>  227 680</b> deutsche Personen, davon sind etwa <b> 14 580</b> zwischen 18 und 24 Jahre alt. Das entspricht einem Anteil von <b> 6,4 Prozent</b>."
"05374","Oberbergischer Kreis",6.72522318673633,"Hier leben rund <b>  243 070</b> deutsche Personen, davon sind etwa <b> 16 350</b> zwischen 18 und 24 Jahre alt. Das entspricht einem Anteil von <b> 6,7 Prozent</b>."
"05378","Rheinisch-Bergischer Kreis",6.14910996592203,"Hier leben rund <b>  252 070</b> deutsche Personen, davon sind etwa <b> 15 500</b> zwischen 18 und 24 Jahre alt. Das entspricht einem Anteil von <b> 6,1 Prozent</b>."
"05382","Rhein-Sieg-Kreis",6.60535446546356,"Hier leben rund <b>  532 900</b> deutsche Personen, davon sind etwa <b> 35 200</b> zwischen 18 und 24 Jahre alt. Das entspricht einem Anteil von <b> 6,6 Prozent</b>."
"05512","Bottrop (Stadt)",6.26252891287587,"Hier leben rund <b>  103 760</b> deutsche Personen, davon sind etwa <b>  6500</b> zwischen 18 und 24 Jahre alt. Das entspricht einem Anteil von <b> 6,3 Prozent</b>."
"05513","Gelsenkirchen (Stadt)",7.67265080067415,"Hier leben rund <b>  201 140</b> deutsche Personen, davon sind etwa <b> 15 430</b> zwischen 18 und 24 Jahre alt. Das entspricht einem Anteil von <b> 7,7 Prozent</b>."
"05515","Münster (Stadt)",12.2864429015758,"Hier leben rund <b>  271 360</b> deutsche Personen, davon sind etwa <b> 33 340</b> zwischen 18 und 24 Jahre alt. Das entspricht einem Anteil von <b>12,3 Prozent</b>."
"05554","Borken",6.78716952525348,"Hier leben rund <b>  337 700</b> deutsche Personen, davon sind etwa <b> 22 920</b> zwischen 18 und 24 Jahre alt. Das entspricht einem Anteil von <b> 6,8 Prozent</b>."
"05558","Coesfeld",6.1287284144427,"Hier leben rund <b>  207 020</b> deutsche Personen, davon sind etwa <b> 12 690</b> zwischen 18 und 24 Jahre alt. Das entspricht einem Anteil von <b> 6,1 Prozent</b>."
"05562","Recklinghausen",6.36912662222464,"Hier leben rund <b>  532 680</b> deutsche Personen, davon sind etwa <b> 33 930</b> zwischen 18 und 24 Jahre alt. Das entspricht einem Anteil von <b> 6,4 Prozent</b>."
"05566","Steinfurt",6.82022714817924,"Hier leben rund <b>  397 800</b> deutsche Personen, davon sind etwa <b> 27 130</b> zwischen 18 und 24 Jahre alt. Das entspricht einem Anteil von <b> 6,8 Prozent</b>."
"05570","Warendorf",6.78235291734362,"Hier leben rund <b>  246 820</b> deutsche Personen, davon sind etwa <b> 16 740</b> zwischen 18 und 24 Jahre alt. Das entspricht einem Anteil von <b> 6,8 Prozent</b>."
"05711","Bielefeld (Stadt)",8.73388836592593,"Hier leben rund <b>  273 020</b> deutsche Personen, davon sind etwa <b> 23 840</b> zwischen 18 und 24 Jahre alt. Das entspricht einem Anteil von <b> 8,7 Prozent</b>."
"05754","Gütersloh",7.02488973517011,"Hier leben rund <b>  308 800</b> deutsche Personen, davon sind etwa <b> 21 690</b> zwischen 18 und 24 Jahre alt. Das entspricht einem Anteil von <b> 7,0 Prozent</b>."
"05758","Herford",6.6097491346394,"Hier leben rund <b>  224 180</b> deutsche Personen, davon sind etwa <b> 14 820</b> zwischen 18 und 24 Jahre alt. Das entspricht einem Anteil von <b> 6,6 Prozent</b>."
"05762","Höxter",6.40100333656736,"Hier leben rund <b>  126 780</b> deutsche Personen, davon sind etwa <b>  8120</b> zwischen 18 und 24 Jahre alt. Das entspricht einem Anteil von <b> 6,4 Prozent</b>."
"05766","Lippe",6.8029072087963,"Hier leben rund <b>  310 680</b> deutsche Personen, davon sind etwa <b> 21 140</b> zwischen 18 und 24 Jahre alt. Das entspricht einem Anteil von <b> 6,8 Prozent</b>."
"05770","Minden-Lübbecke",6.72026784210231,"Hier leben rund <b>  284 940</b> deutsche Personen, davon sind etwa <b> 19 150</b> zwischen 18 und 24 Jahre alt. Das entspricht einem Anteil von <b> 6,7 Prozent</b>."
"05774","Paderborn",7.96136052090473,"Hier leben rund <b>  280 130</b> deutsche Personen, davon sind etwa <b> 22 300</b> zwischen 18 und 24 Jahre alt. Das entspricht einem Anteil von <b> 8,0 Prozent</b>."
"05911","Bochum (Stadt)",7.62983416279493,"Hier leben rund <b>  302 400</b> deutsche Personen, davon sind etwa <b> 23 070</b> zwischen 18 und 24 Jahre alt. Das entspricht einem Anteil von <b> 7,6 Prozent</b>."
"05913","Dortmund (Stadt)",7.68714607333455,"Hier leben rund <b>  478 380</b> deutsche Personen, davon sind etwa <b> 36 770</b> zwischen 18 und 24 Jahre alt. Das entspricht einem Anteil von <b> 7,7 Prozent</b>."
"05914","Hagen (Stadt)",7.56348176872873,"Hier leben rund <b>  147 250</b> deutsche Personen, davon sind etwa <b> 11 140</b> zwischen 18 und 24 Jahre alt. Das entspricht einem Anteil von <b> 7,6 Prozent</b>."
"05915","Hamm (Stadt)",7.66901093540388,"Hier leben rund <b>  147 590</b> deutsche Personen, davon sind etwa <b> 11 320</b> zwischen 18 und 24 Jahre alt. Das entspricht einem Anteil von <b> 7,7 Prozent</b>."
"05916","Herne (Stadt)",7.46581527347781,"Hier leben rund <b>  124 030</b> deutsche Personen, davon sind etwa <b>  9260</b> zwischen 18 und 24 Jahre alt. Das entspricht einem Anteil von <b> 7,5 Prozent</b>."
"05954","Ennepe-Ruhr-Kreis",6.1828946840741,"Hier leben rund <b>  274 290</b> deutsche Personen, davon sind etwa <b> 16 960</b> zwischen 18 und 24 Jahre alt. Das entspricht einem Anteil von <b> 6,2 Prozent</b>."
"05958","Hochsauerlandkreis",6.5425736748054,"Hier leben rund <b>  231 120</b> deutsche Personen, davon sind etwa <b> 15 120</b> zwischen 18 und 24 Jahre alt. Das entspricht einem Anteil von <b> 6,5 Prozent</b>."
"05962","Märkischer Kreis",6.78821741900701,"Hier leben rund <b>  346 850</b> deutsche Personen, davon sind etwa <b> 23 540</b> zwischen 18 und 24 Jahre alt. Das entspricht einem Anteil von <b> 6,8 Prozent</b>."
"05966","Olpe",6.71800250709918,"Hier leben rund <b>  117 270</b> deutsche Personen, davon sind etwa <b>  7880</b> zwischen 18 und 24 Jahre alt. Das entspricht einem Anteil von <b> 6,7 Prozent</b>."
"05970","Siegen-Wittgenstein",6.83948281299275,"Hier leben rund <b>  237 820</b> deutsche Personen, davon sind etwa <b> 16 270</b> zwischen 18 und 24 Jahre alt. Das entspricht einem Anteil von <b> 6,8 Prozent</b>."
"05974","Soest",6.45729248179137,"Hier leben rund <b>  265 810</b> deutsche Personen, davon sind etwa <b> 17 160</b> zwischen 18 und 24 Jahre alt. Das entspricht einem Anteil von <b> 6,5 Prozent</b>."
"05978","Unna",6.33423337107685,"Hier leben rund <b>  344 430</b> deutsche Personen, davon sind etwa <b> 21 820</b> zwischen 18 und 24 Jahre alt. Das entspricht einem Anteil von <b> 6,3 Prozent</b>."
"06411","Darmstadt (Stadt)",10.22220480464,"Hier leben rund <b>  127 580</b> deutsche Personen, davon sind etwa <b> 13 040</b> zwischen 18 und 24 Jahre alt. Das entspricht einem Anteil von <b>10,2 Prozent</b>."
"06412","Frankfurt am Main (Stadt)",8.34057080687669,"Hier leben rund <b>  533 110</b> deutsche Personen, davon sind etwa <b> 44 460</b> zwischen 18 und 24 Jahre alt. Das entspricht einem Anteil von <b> 8,3 Prozent</b>."
"06413","Offenbach am Main (Stadt)",8.78096977125205,"Hier leben rund <b>   79 960</b> deutsche Personen, davon sind etwa <b>  7020</b> zwischen 18 und 24 Jahre alt. Das entspricht einem Anteil von <b> 8,8 Prozent</b>."
"06414","Wiesbaden (Stadt)",8.26137626609191,"Hier leben rund <b>  222 240</b> deutsche Personen, davon sind etwa <b> 18 360</b> zwischen 18 und 24 Jahre alt. Das entspricht einem Anteil von <b> 8,3 Prozent</b>."
"06431","Bergstraße",6.13365093338166,"Hier leben rund <b>  231 740</b> deutsche Personen, davon sind etwa <b> 14 210</b> zwischen 18 und 24 Jahre alt. Das entspricht einem Anteil von <b> 6,1 Prozent</b>."
"06432","Darmstadt-Dieburg",6.60614832761713,"Hier leben rund <b>  254 250</b> deutsche Personen, davon sind etwa <b> 16 800</b> zwischen 18 und 24 Jahre alt. Das entspricht einem Anteil von <b> 6,6 Prozent</b>."
"06433","Groß-Gerau",7.34056416135132,"Hier leben rund <b>  204 130</b> deutsche Personen, davon sind etwa <b> 14 980</b> zwischen 18 und 24 Jahre alt. Das entspricht einem Anteil von <b> 7,3 Prozent</b>."
"06434","Hochtaunuskreis",6.43878970731384,"Hier leben rund <b>  196 220</b> deutsche Personen, davon sind etwa <b> 12 630</b> zwischen 18 und 24 Jahre alt. Das entspricht einem Anteil von <b> 6,4 Prozent</b>."
"06435","Main-Kinzig-Kreis",6.57761066803676,"Hier leben rund <b>  342 560</b> deutsche Personen, davon sind etwa <b> 22 530</b> zwischen 18 und 24 Jahre alt. Das entspricht einem Anteil von <b> 6,6 Prozent</b>."
"06436","Main-Taunus-Kreis",6.56409355577025,"Hier leben rund <b>  193 550</b> deutsche Personen, davon sind etwa <b> 12 700</b> zwischen 18 und 24 Jahre alt. Das entspricht einem Anteil von <b> 6,6 Prozent</b>."
"06437","Odenwaldkreis",6.27927838134157,"Hier leben rund <b>   80 260</b> deutsche Personen, davon sind etwa <b>  5040</b> zwischen 18 und 24 Jahre alt. Das entspricht einem Anteil von <b> 6,3 Prozent</b>."
"06438","Offenbach (Land)",7.07072497890235,"Hier leben rund <b>  282 020</b> deutsche Personen, davon sind etwa <b> 19 940</b> zwischen 18 und 24 Jahre alt. Das entspricht einem Anteil von <b> 7,1 Prozent</b>."
"06439","Rheingau-Taunus-Kreis",6.43667486571959,"Hier leben rund <b>  159 370</b> deutsche Personen, davon sind etwa <b> 10 260</b> zwischen 18 und 24 Jahre alt. Das entspricht einem Anteil von <b> 6,4 Prozent</b>."
"06440","Wetteraukreis",6.40133561488256,"Hier leben rund <b>  264 150</b> deutsche Personen, davon sind etwa <b> 16 910</b> zwischen 18 und 24 Jahre alt. Das entspricht einem Anteil von <b> 6,4 Prozent</b>."
"06531","Gießen",8.98594885930805,"Hier leben rund <b>  227 100</b> deutsche Personen, davon sind etwa <b> 20 410</b> zwischen 18 und 24 Jahre alt. Das entspricht einem Anteil von <b> 9,0 Prozent</b>."
"06532","Lahn-Dill-Kreis",6.66035110303283,"Hier leben rund <b>  220 620</b> deutsche Personen, davon sind etwa <b> 14 690</b> zwischen 18 und 24 Jahre alt. Das entspricht einem Anteil von <b> 6,7 Prozent</b>."
"06533","Limburg-Weilburg",6.72565664103623,"Hier leben rund <b>  150 080</b> deutsche Personen, davon sind etwa <b> 10 090</b> zwischen 18 und 24 Jahre alt. Das entspricht einem Anteil von <b> 6,7 Prozent</b>."
"06534","Marburg-Biedenkopf",9.31778707895561,"Hier leben rund <b>  210 730</b> deutsche Personen, davon sind etwa <b> 19 640</b> zwischen 18 und 24 Jahre alt. Das entspricht einem Anteil von <b> 9,3 Prozent</b>."
"06535","Vogelsbergkreis",5.7604137241694,"Hier leben rund <b>   92 040</b> deutsche Personen, davon sind etwa <b>  5300</b> zwischen 18 und 24 Jahre alt. Das entspricht einem Anteil von <b> 5,8 Prozent</b>."
"06611","Kassel (Stadt)",8.60333233614713,"Hier leben rund <b>  153 770</b> deutsche Personen, davon sind etwa <b> 13 230</b> zwischen 18 und 24 Jahre alt. Das entspricht einem Anteil von <b> 8,6 Prozent</b>."
"06631","Fulda",7.01139217247504,"Hier leben rund <b>  195 920</b> deutsche Personen, davon sind etwa <b> 13 740</b> zwischen 18 und 24 Jahre alt. Das entspricht einem Anteil von <b> 7,0 Prozent</b>."
"06632","Hersfeld-Rotenburg",6.18182167674224,"Hier leben rund <b>  104 050</b> deutsche Personen, davon sind etwa <b>  6430</b> zwischen 18 und 24 Jahre alt. Das entspricht einem Anteil von <b> 6,2 Prozent</b>."
"06633","Kassel (Land)",5.84478642945642,"Hier leben rund <b>  209 040</b> deutsche Personen, davon sind etwa <b> 12 220</b> zwischen 18 und 24 Jahre alt. Das entspricht einem Anteil von <b> 5,8 Prozent</b>."
"06634","Schwalm-Eder-Kreis",6.02741591956016,"Hier leben rund <b>  161 510</b> deutsche Personen, davon sind etwa <b>  9740</b> zwischen 18 und 24 Jahre alt. Das entspricht einem Anteil von <b> 6,0 Prozent</b>."
"06635","Waldeck-Frankenberg",6.25730781800356,"Hier leben rund <b>  137 700</b> deutsche Personen, davon sind etwa <b>  8620</b> zwischen 18 und 24 Jahre alt. Das entspricht einem Anteil von <b> 6,3 Prozent</b>."
"06636","Werra-Meißner-Kreis",5.85268537613198,"Hier leben rund <b>   89 220</b> deutsche Personen, davon sind etwa <b>  5220</b> zwischen 18 und 24 Jahre alt. Das entspricht einem Anteil von <b> 5,9 Prozent</b>."
"07111","Koblenz (Stadt)",7.74378585086042,"Hier leben rund <b>   94 140</b> deutsche Personen, davon sind etwa <b>  7290</b> zwischen 18 und 24 Jahre alt. Das entspricht einem Anteil von <b> 7,7 Prozent</b>."
"07131","Ahrweiler",5.87712102240836,"Hier leben rund <b>  115 800</b> deutsche Personen, davon sind etwa <b>  6810</b> zwischen 18 und 24 Jahre alt. Das entspricht einem Anteil von <b> 5,9 Prozent</b>."
"07132","Altenkirchen (Westerwald)",6.35011779806288,"Hier leben rund <b>  118 420</b> deutsche Personen, davon sind etwa <b>  7520</b> zwischen 18 und 24 Jahre alt. Das entspricht einem Anteil von <b> 6,4 Prozent</b>."
"07133","Bad Kreuznach",6.02774398344311,"Hier leben rund <b>  143 020</b> deutsche Personen, davon sind etwa <b>  8620</b> zwischen 18 und 24 Jahre alt. Das entspricht einem Anteil von <b> 6,0 Prozent</b>."
"07134","Birkenfeld",6.21374850831183,"Hier leben rund <b>   72 070</b> deutsche Personen, davon sind etwa <b>  4480</b> zwischen 18 und 24 Jahre alt. Das entspricht einem Anteil von <b> 6,2 Prozent</b>."
"07135","Cochem-Zell",6.08259640805908,"Hier leben rund <b>   54 840</b> deutsche Personen, davon sind etwa <b>  3340</b> zwischen 18 und 24 Jahre alt. Das entspricht einem Anteil von <b> 6,1 Prozent</b>."
"07137","Mayen-Koblenz",6.27769609739741,"Hier leben rund <b>  193 840</b> deutsche Personen, davon sind etwa <b> 12 170</b> zwischen 18 und 24 Jahre alt. Das entspricht einem Anteil von <b> 6,3 Prozent</b>."
"07138","Neuwied",6.56408961362242,"Hier leben rund <b>  166 310</b> deutsche Personen, davon sind etwa <b> 10 920</b> zwischen 18 und 24 Jahre alt. Das entspricht einem Anteil von <b> 6,6 Prozent</b>."
"07140","Rhein-Hunsrück-Kreis",6.05627691884398,"Hier leben rund <b>   94 500</b> deutsche Personen, davon sind etwa <b>  5720</b> zwischen 18 und 24 Jahre alt. Das entspricht einem Anteil von <b> 6,1 Prozent</b>."
"07141","Rhein-Lahn-Kreis",5.96256108077034,"Hier leben rund <b>  111 330</b> deutsche Personen, davon sind etwa <b>  6640</b> zwischen 18 und 24 Jahre alt. Das entspricht einem Anteil von <b> 6,0 Prozent</b>."
"07143","Westerwaldkreis",6.26029476094552,"Hier leben rund <b>  185 170</b> deutsche Personen, davon sind etwa <b> 11 590</b> zwischen 18 und 24 Jahre alt. Das entspricht einem Anteil von <b> 6,3 Prozent</b>."
"07211","Trier (Stadt)",9.09198043721643,"Hier leben rund <b>   84 860</b> deutsche Personen, davon sind etwa <b>  7720</b> zwischen 18 und 24 Jahre alt. Das entspricht einem Anteil von <b> 9,1 Prozent</b>."
"07231","Bernkastel-Wittlich",5.99000306028767,"Hier leben rund <b>   98 030</b> deutsche Personen, davon sind etwa <b>  5870</b> zwischen 18 und 24 Jahre alt. Das entspricht einem Anteil von <b> 6,0 Prozent</b>."
"07232","Bitburg-Prüm",6.1444266976429,"Hier leben rund <b>   82 640</b> deutsche Personen, davon sind etwa <b>  5080</b> zwischen 18 und 24 Jahre alt. Das entspricht einem Anteil von <b> 6,1 Prozent</b>."
"07233","Vulkaneifel",5.6854181116089,"Hier leben rund <b>   53 350</b> deutsche Personen, davon sind etwa <b>  3030</b> zwischen 18 und 24 Jahre alt. Das entspricht einem Anteil von <b> 5,7 Prozent</b>."
"07235","Trier-Saarburg",5.8524728099972,"Hier leben rund <b>  128 360</b> deutsche Personen, davon sind etwa <b>  7510</b> zwischen 18 und 24 Jahre alt. Das entspricht einem Anteil von <b> 5,9 Prozent</b>."
"07311","Frankenthal (Pfalz) (Stadt)",6.47041678810842,"Hier leben rund <b>   37 740</b> deutsche Personen, davon sind etwa <b>  2440</b> zwischen 18 und 24 Jahre alt. Das entspricht einem Anteil von <b> 6,5 Prozent</b>."
"07312","Kaiserslautern (Stadt)",7.82959492410412,"Hier leben rund <b>   78 330</b> deutsche Personen, davon sind etwa <b>  6130</b> zwischen 18 und 24 Jahre alt. Das entspricht einem Anteil von <b> 7,8 Prozent</b>."
"07313","Landau in der Pfalz (Stadt)",9.29506281736477,"Hier leben rund <b>   41 950</b> deutsche Personen, davon sind etwa <b>  3900</b> zwischen 18 und 24 Jahre alt. Das entspricht einem Anteil von <b> 9,3 Prozent</b>."
"07314","Ludwigshafen am Rhein (Stadt)",7.87825774173506,"Hier leben rund <b>  122 320</b> deutsche Personen, davon sind etwa <b>  9640</b> zwischen 18 und 24 Jahre alt. Das entspricht einem Anteil von <b> 7,9 Prozent</b>."
"07315","Mainz (Stadt)",10.4773120580316,"Hier leben rund <b>  180 870</b> deutsche Personen, davon sind etwa <b> 18 950</b> zwischen 18 und 24 Jahre alt. Das entspricht einem Anteil von <b>10,5 Prozent</b>."
"07316","Neustadt an der Weinstraße (Stadt)",5.89338684348281,"Hier leben rund <b>   45 850</b> deutsche Personen, davon sind etwa <b>  2700</b> zwischen 18 und 24 Jahre alt. Das entspricht einem Anteil von <b> 5,9 Prozent</b>."
"07317","Pirmasens (Stadt)",6.18457175611669,"Hier leben rund <b>   33 150</b> deutsche Personen, davon sind etwa <b>  2050</b> zwischen 18 und 24 Jahre alt. Das entspricht einem Anteil von <b> 6,2 Prozent</b>."
"07318","Speyer (Stadt)",6.22494350900211,"Hier leben rund <b>   41 160</b> deutsche Personen, davon sind etwa <b>  2560</b> zwischen 18 und 24 Jahre alt. Das entspricht einem Anteil von <b> 6,2 Prozent</b>."
"07319","Worms (Stadt)",7.26574046704109,"Hier leben rund <b>   67 660</b> deutsche Personen, davon sind etwa <b>  4920</b> zwischen 18 und 24 Jahre alt. Das entspricht einem Anteil von <b> 7,3 Prozent</b>."
"07320","Zweibrücken (Stadt)",6.50733147900141,"Hier leben rund <b>   29 120</b> deutsche Personen, davon sind etwa <b>  1900</b> zwischen 18 und 24 Jahre alt. Das entspricht einem Anteil von <b> 6,5 Prozent</b>."
"07331","Alzey-Worms",6.15783420027124,"Hier leben rund <b>  116 500</b> deutsche Personen, davon sind etwa <b>  7170</b> zwischen 18 und 24 Jahre alt. Das entspricht einem Anteil von <b> 6,2 Prozent</b>."
"07332","Bad Dürkheim",5.4023369520179,"Hier leben rund <b>  120 670</b> deutsche Personen, davon sind etwa <b>  6520</b> zwischen 18 und 24 Jahre alt. Das entspricht einem Anteil von <b> 5,4 Prozent</b>."
"07333","Donnersbergkreis",6.23683351630419,"Hier leben rund <b>   67 410</b> deutsche Personen, davon sind etwa <b>  4200</b> zwischen 18 und 24 Jahre alt. Das entspricht einem Anteil von <b> 6,2 Prozent</b>."
"07334","Germersheim",6.44866852762639,"Hier leben rund <b>  112 840</b> deutsche Personen, davon sind etwa <b>  7280</b> zwischen 18 und 24 Jahre alt. Das entspricht einem Anteil von <b> 6,4 Prozent</b>."
"07335","Kaiserslautern (Land)",6.0419812424236,"Hier leben rund <b>   94 040</b> deutsche Personen, davon sind etwa <b>  5680</b> zwischen 18 und 24 Jahre alt. Das entspricht einem Anteil von <b> 6,0 Prozent</b>."
"07336","Kusel",5.82612653618571,"Hier leben rund <b>   63 710</b> deutsche Personen, davon sind etwa <b>  3710</b> zwischen 18 und 24 Jahre alt. Das entspricht einem Anteil von <b> 5,8 Prozent</b>."
"07337","Südliche Weinstraße",5.67837186850907,"Hier leben rund <b>  102 550</b> deutsche Personen, davon sind etwa <b>  5820</b> zwischen 18 und 24 Jahre alt. Das entspricht einem Anteil von <b> 5,7 Prozent</b>."
"07338","Rhein-Pfalz-Kreis",5.71388982074357,"Hier leben rund <b>  137 120</b> deutsche Personen, davon sind etwa <b>  7840</b> zwischen 18 und 24 Jahre alt. Das entspricht einem Anteil von <b> 5,7 Prozent</b>."
"07339","Mainz-Bingen",6.10938327157226,"Hier leben rund <b>  181 340</b> deutsche Personen, davon sind etwa <b> 11 080</b> zwischen 18 und 24 Jahre alt. Das entspricht einem Anteil von <b> 6,1 Prozent</b>."
"07340","Südwestpfalz",5.30825768425039,"Hier leben rund <b>   84 490</b> deutsche Personen, davon sind etwa <b>  4480</b> zwischen 18 und 24 Jahre alt. Das entspricht einem Anteil von <b> 5,3 Prozent</b>."
"08111","Stuttgart (Stadt)",8.69056048192229,"Hier leben rund <b>  444 890</b> deutsche Personen, davon sind etwa <b> 38 660</b> zwischen 18 und 24 Jahre alt. Das entspricht einem Anteil von <b> 8,7 Prozent</b>."
"08115","Böblingen",6.9764177428411,"Hier leben rund <b>  313 460</b> deutsche Personen, davon sind etwa <b> 21 870</b> zwischen 18 und 24 Jahre alt. Das entspricht einem Anteil von <b> 7,0 Prozent</b>."
"08116","Esslingen",7.18465072036749,"Hier leben rund <b>  431 030</b> deutsche Personen, davon sind etwa <b> 30 970</b> zwischen 18 und 24 Jahre alt. Das entspricht einem Anteil von <b> 7,2 Prozent</b>."
"08117","Göppingen",7.04218600191755,"Hier leben rund <b>  208 600</b> deutsche Personen, davon sind etwa <b> 14 690</b> zwischen 18 und 24 Jahre alt. Das entspricht einem Anteil von <b> 7,0 Prozent</b>."
"08118","Ludwigsburg",6.93849544154807,"Hier leben rund <b>  427 010</b> deutsche Personen, davon sind etwa <b> 29 630</b> zwischen 18 und 24 Jahre alt. Das entspricht einem Anteil von <b> 6,9 Prozent</b>."
"08119","Rems-Murr-Kreis",7.00596956051923,"Hier leben rund <b>  359 990</b> deutsche Personen, davon sind etwa <b> 25 220</b> zwischen 18 und 24 Jahre alt. Das entspricht einem Anteil von <b> 7,0 Prozent</b>."
"08121","Heilbronn (Stadt)",8.5123804532949,"Hier leben rund <b>   91 600</b> deutsche Personen, davon sind etwa <b>  7800</b> zwischen 18 und 24 Jahre alt. Das entspricht einem Anteil von <b> 8,5 Prozent</b>."
"08125","Heilbronn (Land)",6.77750837085787,"Hier leben rund <b>  294 470</b> deutsche Personen, davon sind etwa <b> 19 960</b> zwischen 18 und 24 Jahre alt. Das entspricht einem Anteil von <b> 6,8 Prozent</b>."
"08126","Hohenlohekreis",6.97161391703769,"Hier leben rund <b>   99 270</b> deutsche Personen, davon sind etwa <b>  6920</b> zwischen 18 und 24 Jahre alt. Das entspricht einem Anteil von <b> 7,0 Prozent</b>."
"08127","Schwäbisch Hall",6.81683461766449,"Hier leben rund <b>  170 390</b> deutsche Personen, davon sind etwa <b> 11 620</b> zwischen 18 und 24 Jahre alt. Das entspricht einem Anteil von <b> 6,8 Prozent</b>."
"08128","Main-Tauber-Kreis",6.45504643856547,"Hier leben rund <b>  116 500</b> deutsche Personen, davon sind etwa <b>  7520</b> zwischen 18 und 24 Jahre alt. Das entspricht einem Anteil von <b> 6,5 Prozent</b>."
"08135","Heidenheim",6.79277259929475,"Hier leben rund <b>  109 750</b> deutsche Personen, davon sind etwa <b>  7460</b> zwischen 18 und 24 Jahre alt. Das entspricht einem Anteil von <b> 6,8 Prozent</b>."
"08136","Ostalbkreis",7.21876065369244,"Hier leben rund <b>  275 730</b> deutsche Personen, davon sind etwa <b> 19 900</b> zwischen 18 und 24 Jahre alt. Das entspricht einem Anteil von <b> 7,2 Prozent</b>."
"08211","Baden-Baden (Stadt)",5.86406768569158,"Hier leben rund <b>   42 790</b> deutsche Personen, davon sind etwa <b>  2510</b> zwischen 18 und 24 Jahre alt. Das entspricht einem Anteil von <b> 5,9 Prozent</b>."
"08212","Karlsruhe (Stadt)",9.91170049851748,"Hier leben rund <b>  245 530</b> deutsche Personen, davon sind etwa <b> 24 340</b> zwischen 18 und 24 Jahre alt. Das entspricht einem Anteil von <b> 9,9 Prozent</b>."
"08215","Karlsruhe (Land)",6.40162743085763,"Hier leben rund <b>  383 920</b> deutsche Personen, davon sind etwa <b> 24 580</b> zwischen 18 und 24 Jahre alt. Das entspricht einem Anteil von <b> 6,4 Prozent</b>."
"08216","Rastatt",6.33972228165295,"Hier leben rund <b>  191 630</b> deutsche Personen, davon sind etwa <b> 12 150</b> zwischen 18 und 24 Jahre alt. Das entspricht einem Anteil von <b> 6,3 Prozent</b>."
"08221","Heidelberg (Stadt)",14.0920005262812,"Hier leben rund <b>  121 610</b> deutsche Personen, davon sind etwa <b> 17 140</b> zwischen 18 und 24 Jahre alt. Das entspricht einem Anteil von <b>14,1 Prozent</b>."
"08222","Mannheim (Stadt)",9.94848609994131,"Hier leben rund <b>  230 040</b> deutsche Personen, davon sind etwa <b> 22 880</b> zwischen 18 und 24 Jahre alt. Das entspricht einem Anteil von <b> 9,9 Prozent</b>."
"08225","Neckar-Odenwald-Kreis",6.79369623000582,"Hier leben rund <b>  127 160</b> deutsche Personen, davon sind etwa <b>  8640</b> zwischen 18 und 24 Jahre alt. Das entspricht einem Anteil von <b> 6,8 Prozent</b>."
"08226","Rhein-Neckar-Kreis",6.6445098917177,"Hier leben rund <b>  475 700</b> deutsche Personen, davon sind etwa <b> 31 610</b> zwischen 18 und 24 Jahre alt. Das entspricht einem Anteil von <b> 6,6 Prozent</b>."
"08231","Pforzheim (Stadt)",8.22164670335599,"Hier leben rund <b>   92 670</b> deutsche Personen, davon sind etwa <b>  7620</b> zwischen 18 und 24 Jahre alt. Das entspricht einem Anteil von <b> 8,2 Prozent</b>."
"08235","Calw",6.90434704238892,"Hier leben rund <b>  133 150</b> deutsche Personen, davon sind etwa <b>  9190</b> zwischen 18 und 24 Jahre alt. Das entspricht einem Anteil von <b> 6,9 Prozent</b>."
"08236","Enzkreis",6.58388527463737,"Hier leben rund <b>  170 010</b> deutsche Personen, davon sind etwa <b> 11 190</b> zwischen 18 und 24 Jahre alt. Das entspricht einem Anteil von <b> 6,6 Prozent</b>."
"08237","Freudenstadt",6.96107060666422,"Hier leben rund <b>  103 420</b> deutsche Personen, davon sind etwa <b>  7200</b> zwischen 18 und 24 Jahre alt. Das entspricht einem Anteil von <b> 7,0 Prozent</b>."
"08311","Freiburg im Breisgau (Stadt)",11.3120656882794,"Hier leben rund <b>  194 130</b> deutsche Personen, davon sind etwa <b> 21 960</b> zwischen 18 und 24 Jahre alt. Das entspricht einem Anteil von <b>11,3 Prozent</b>."
"08315","Breisgau-Hochschwarzwald",6.5130804937004,"Hier leben rund <b>  233 740</b> deutsche Personen, davon sind etwa <b> 15 220</b> zwischen 18 und 24 Jahre alt. Das entspricht einem Anteil von <b> 6,5 Prozent</b>."
"08316","Emmendingen",6.42725586010507,"Hier leben rund <b>  147 140</b> deutsche Personen, davon sind etwa <b>  9460</b> zwischen 18 und 24 Jahre alt. Das entspricht einem Anteil von <b> 6,4 Prozent</b>."
"08317","Ortenaukreis",6.70017105804039,"Hier leben rund <b>  377 070</b> deutsche Personen, davon sind etwa <b> 25 260</b> zwischen 18 und 24 Jahre alt. Das entspricht einem Anteil von <b> 6,7 Prozent</b>."
"08325","Rottweil",6.48826032999342,"Hier leben rund <b>  120 060</b> deutsche Personen, davon sind etwa <b>  7790</b> zwischen 18 und 24 Jahre alt. Das entspricht einem Anteil von <b> 6,5 Prozent</b>."
"08326","Schwarzwald-Baar-Kreis",6.78371492451947,"Hier leben rund <b>  173 090</b> deutsche Personen, davon sind etwa <b> 11 740</b> zwischen 18 und 24 Jahre alt. Das entspricht einem Anteil von <b> 6,8 Prozent</b>."
"08327","Tuttlingen",7.14568555884581,"Hier leben rund <b>  116 170</b> deutsche Personen, davon sind etwa <b>  8300</b> zwischen 18 und 24 Jahre alt. Das entspricht einem Anteil von <b> 7,1 Prozent</b>."
"08335","Konstanz",8.62378757881777,"Hier leben rund <b>  240 430</b> deutsche Personen, davon sind etwa <b> 20 730</b> zwischen 18 und 24 Jahre alt. Das entspricht einem Anteil von <b> 8,6 Prozent</b>."
"08336","Lörrach",6.52482122714243,"Hier leben rund <b>  193 260</b> deutsche Personen, davon sind etwa <b> 12 610</b> zwischen 18 und 24 Jahre alt. Das entspricht einem Anteil von <b> 6,5 Prozent</b>."
"08337","Waldshut",6.69791070406411,"Hier leben rund <b>  139 760</b> deutsche Personen, davon sind etwa <b>  9360</b> zwischen 18 und 24 Jahre alt. Das entspricht einem Anteil von <b> 6,7 Prozent</b>."
"08415","Reutlingen",7.24512399373278,"Hier leben rund <b>  240 620</b> deutsche Personen, davon sind etwa <b> 17 430</b> zwischen 18 und 24 Jahre alt. Das entspricht einem Anteil von <b> 7,2 Prozent</b>."
"08416","Tübingen",10.63370927255,"Hier leben rund <b>  197 990</b> deutsche Personen, davon sind etwa <b> 21 050</b> zwischen 18 und 24 Jahre alt. Das entspricht einem Anteil von <b>10,6 Prozent</b>."
"08417","Zollernalbkreis",6.78639668402386,"Hier leben rund <b>  163 810</b> deutsche Personen, davon sind etwa <b> 11 120</b> zwischen 18 und 24 Jahre alt. Das entspricht einem Anteil von <b> 6,8 Prozent</b>."
"08421","Ulm (Stadt)",9.35664817139849,"Hier leben rund <b>   98 760</b> deutsche Personen, davon sind etwa <b>  9240</b> zwischen 18 und 24 Jahre alt. Das entspricht einem Anteil von <b> 9,4 Prozent</b>."
"08425","Alb-Donau-Kreis",7.07841654502928,"Hier leben rund <b>  170 590</b> deutsche Personen, davon sind etwa <b> 12 080</b> zwischen 18 und 24 Jahre alt. Das entspricht einem Anteil von <b> 7,1 Prozent</b>."
"08426","Biberach",6.70602138248234,"Hier leben rund <b>  180 240</b> deutsche Personen, davon sind etwa <b> 12 090</b> zwischen 18 und 24 Jahre alt. Das entspricht einem Anteil von <b> 6,7 Prozent</b>."
"08435","Bodenseekreis",6.36547640952927,"Hier leben rund <b>  184 780</b> deutsche Personen, davon sind etwa <b> 11 760</b> zwischen 18 und 24 Jahre alt. Das entspricht einem Anteil von <b> 6,4 Prozent</b>."
"08436","Ravensburg",7.31403461987001,"Hier leben rund <b>  251 240</b> deutsche Personen, davon sind etwa <b> 18 380</b> zwischen 18 und 24 Jahre alt. Das entspricht einem Anteil von <b> 7,3 Prozent</b>."
"08437","Sigmaringen",6.93630595333033,"Hier leben rund <b>  115 360</b> deutsche Personen, davon sind etwa <b>  8000</b> zwischen 18 und 24 Jahre alt. Das entspricht einem Anteil von <b> 6,9 Prozent</b>."
"09161","Ingolstadt (Stadt)",7.35876647415963,"Hier leben rund <b>  108 050</b> deutsche Personen, davon sind etwa <b>  7950</b> zwischen 18 und 24 Jahre alt. Das entspricht einem Anteil von <b> 7,4 Prozent</b>."
"09162","München (Stadt)",7.6268722569259,"Hier leben rund <b>1 076 580</b> deutsche Personen, davon sind etwa <b> 82 110</b> zwischen 18 und 24 Jahre alt. Das entspricht einem Anteil von <b> 7,6 Prozent</b>."
"09163","Rosenheim (Stadt)",7.75527528498666,"Hier leben rund <b>   49 480</b> deutsche Personen, davon sind etwa <b>  3840</b> zwischen 18 und 24 Jahre alt. Das entspricht einem Anteil von <b> 7,8 Prozent</b>."
"09171","Altötting",6.65337089047433,"Hier leben rund <b>   97 270</b> deutsche Personen, davon sind etwa <b>  6470</b> zwischen 18 und 24 Jahre alt. Das entspricht einem Anteil von <b> 6,7 Prozent</b>."
"09172","Berchtesgadener Land",6.52619867181252,"Hier leben rund <b>   86 280</b> deutsche Personen, davon sind etwa <b>  5630</b> zwischen 18 und 24 Jahre alt. Das entspricht einem Anteil von <b> 6,5 Prozent</b>."
"09173","Bad Tölz-Wolfratshausen",6.60892857142857,"Hier leben rund <b>  112 000</b> deutsche Personen, davon sind etwa <b>  7400</b> zwischen 18 und 24 Jahre alt. Das entspricht einem Anteil von <b> 6,6 Prozent</b>."
"09174","Dachau",6.84782865095653,"Hier leben rund <b>  127 180</b> deutsche Personen, davon sind etwa <b>  8710</b> zwischen 18 und 24 Jahre alt. Das entspricht einem Anteil von <b> 6,8 Prozent</b>."
"09175","Ebersberg",7.00224415035807,"Hier leben rund <b>  121 200</b> deutsche Personen, davon sind etwa <b>  8490</b> zwischen 18 und 24 Jahre alt. Das entspricht einem Anteil von <b> 7,0 Prozent</b>."
"09176","Eichstätt",7.04,"Hier leben rund <b>  121 250</b> deutsche Personen, davon sind etwa <b>  8540</b> zwischen 18 und 24 Jahre alt. Das entspricht einem Anteil von <b> 7,0 Prozent</b>."
"09177","Erding",7.20582980880288,"Hier leben rund <b>  120 350</b> deutsche Personen, davon sind etwa <b>  8670</b> zwischen 18 und 24 Jahre alt. Das entspricht einem Anteil von <b> 7,2 Prozent</b>."
"09178","Freising",7.90395231483049,"Hier leben rund <b>  147 640</b> deutsche Personen, davon sind etwa <b> 11 670</b> zwischen 18 und 24 Jahre alt. Das entspricht einem Anteil von <b> 7,9 Prozent</b>."
"09179","Fürstenfeldbruck",6.64968778973001,"Hier leben rund <b>  179 050</b> deutsche Personen, davon sind etwa <b> 11 910</b> zwischen 18 und 24 Jahre alt. Das entspricht einem Anteil von <b> 6,6 Prozent</b>."
"09180","Garmisch-Partenkirchen",6.16962545297557,"Hier leben rund <b>   76 440</b> deutsche Personen, davon sind etwa <b>  4720</b> zwischen 18 und 24 Jahre alt. Das entspricht einem Anteil von <b> 6,2 Prozent</b>."
"09181","Landsberg a.Lech",6.3658605870117,"Hier leben rund <b>  109 130</b> deutsche Personen, davon sind etwa <b>  6950</b> zwischen 18 und 24 Jahre alt. Das entspricht einem Anteil von <b> 6,4 Prozent</b>."
"09182","Miesbach",6.24135463868352,"Hier leben rund <b>   83 860</b> deutsche Personen, davon sind etwa <b>  5230</b> zwischen 18 und 24 Jahre alt. Das entspricht einem Anteil von <b> 6,2 Prozent</b>."
"09183","Mühldorf a.Inn",6.77257525083612,"Hier leben rund <b>  104 050</b> deutsche Personen, davon sind etwa <b>  7050</b> zwischen 18 und 24 Jahre alt. Das entspricht einem Anteil von <b> 6,8 Prozent</b>."
"09184","München (Land)",7.56441726496212,"Hier leben rund <b>  281 910</b> deutsche Personen, davon sind etwa <b> 21 320</b> zwischen 18 und 24 Jahre alt. Das entspricht einem Anteil von <b> 7,6 Prozent</b>."
"09185","Neuburg-Schrobenhausen",6.78361492533866,"Hier leben rund <b>   86 590</b> deutsche Personen, davon sind etwa <b>  5870</b> zwischen 18 und 24 Jahre alt. Das entspricht einem Anteil von <b> 6,8 Prozent</b>."
"09186","Pfaffenhofen a.d. Ilm",6.45483648455049,"Hier leben rund <b>  113 080</b> deutsche Personen, davon sind etwa <b>  7300</b> zwischen 18 und 24 Jahre alt. Das entspricht einem Anteil von <b> 6,5 Prozent</b>."
"09187","Rosenheim (Land)",6.48390399271983,"Hier leben rund <b>  228 570</b> deutsche Personen, davon sind etwa <b> 14 820</b> zwischen 18 und 24 Jahre alt. Das entspricht einem Anteil von <b> 6,5 Prozent</b>."
"09188","Starnberg",6.63475863486138,"Hier leben rund <b>  116 790</b> deutsche Personen, davon sind etwa <b>  7750</b> zwischen 18 und 24 Jahre alt. Das entspricht einem Anteil von <b> 6,6 Prozent</b>."
"09189","Traunstein",6.27715674518754,"Hier leben rund <b>  155 120</b> deutsche Personen, davon sind etwa <b>  9740</b> zwischen 18 und 24 Jahre alt. Das entspricht einem Anteil von <b> 6,3 Prozent</b>."
"09190","Weilheim-Schongau",6.4596363872055,"Hier leben rund <b>  123 430</b> deutsche Personen, davon sind etwa <b>  7970</b> zwischen 18 und 24 Jahre alt. Das entspricht einem Anteil von <b> 6,5 Prozent</b>."
"09261","Landshut (Stadt)",7.2601898985523,"Hier leben rund <b>   55 400</b> deutsche Personen, davon sind etwa <b>  4020</b> zwischen 18 und 24 Jahre alt. Das entspricht einem Anteil von <b> 7,3 Prozent</b>."
"09262","Passau (Stadt)",9.25097276264592,"Hier leben rund <b>   41 120</b> deutsche Personen, davon sind etwa <b>  3800</b> zwischen 18 und 24 Jahre alt. Das entspricht einem Anteil von <b> 9,3 Prozent</b>."
"09263","Straubing (Stadt)",6.9191972260166,"Hier leben rund <b>   38 070</b> deutsche Personen, davon sind etwa <b>  2630</b> zwischen 18 und 24 Jahre alt. Das entspricht einem Anteil von <b> 6,9 Prozent</b>."
"09271","Deggendorf",7.0509143904847,"Hier leben rund <b>  106 360</b> deutsche Personen, davon sind etwa <b>  7500</b> zwischen 18 und 24 Jahre alt. Das entspricht einem Anteil von <b> 7,1 Prozent</b>."
"09272","Freyung-Grafenau",6.32146178674982,"Hier leben rund <b>   73 120</b> deutsche Personen, davon sind etwa <b>  4620</b> zwischen 18 und 24 Jahre alt. Das entspricht einem Anteil von <b> 6,3 Prozent</b>."
"09273","Kelheim",6.96806881768325,"Hier leben rund <b>  107 760</b> deutsche Personen, davon sind etwa <b>  7510</b> zwischen 18 und 24 Jahre alt. Das entspricht einem Anteil von <b> 7,0 Prozent</b>."
"09274","Landshut (Land)",6.66085318636855,"Hier leben rund <b>  143 350</b> deutsche Personen, davon sind etwa <b>  9550</b> zwischen 18 und 24 Jahre alt. Das entspricht einem Anteil von <b> 6,7 Prozent</b>."
"09275","Passau (Land)",6.36807752142689,"Hier leben rund <b>  174 200</b> deutsche Personen, davon sind etwa <b> 11 090</b> zwischen 18 und 24 Jahre alt. Das entspricht einem Anteil von <b> 6,4 Prozent</b>."
"09276","Regen",6.36493420215698,"Hier leben rund <b>   70 750</b> deutsche Personen, davon sind etwa <b>  4500</b> zwischen 18 und 24 Jahre alt. Das entspricht einem Anteil von <b> 6,4 Prozent</b>."
"09277","Rottal-Inn",6.47412416643186,"Hier leben rund <b>  106 470</b> deutsche Personen, davon sind etwa <b>  6890</b> zwischen 18 und 24 Jahre alt. Das entspricht einem Anteil von <b> 6,5 Prozent</b>."
"09278","Straubing-Bogen",6.60978311815587,"Hier leben rund <b>   93 880</b> deutsche Personen, davon sind etwa <b>  6200</b> zwischen 18 und 24 Jahre alt. Das entspricht einem Anteil von <b> 6,6 Prozent</b>."
"09279","Dingolfing-Landau",6.67557211656765,"Hier leben rund <b>   85 340</b> deutsche Personen, davon sind etwa <b>  5700</b> zwischen 18 und 24 Jahre alt. Das entspricht einem Anteil von <b> 6,7 Prozent</b>."
"09361","Amberg (Stadt)",6.78258488499452,"Hier leben rund <b>   36 520</b> deutsche Personen, davon sind etwa <b>  2480</b> zwischen 18 und 24 Jahre alt. Das entspricht einem Anteil von <b> 6,8 Prozent</b>."
"09362","Regensburg (Stadt)",9.79198799449748,"Hier leben rund <b>  119 940</b> deutsche Personen, davon sind etwa <b> 11 740</b> zwischen 18 und 24 Jahre alt. Das entspricht einem Anteil von <b> 9,8 Prozent</b>."
"09363","Weiden in der Oberpfalz (Stadt)",7.0456972626609,"Hier leben rund <b>   35 580</b> deutsche Personen, davon sind etwa <b>  2510</b> zwischen 18 und 24 Jahre alt. Das entspricht einem Anteil von <b> 7,0 Prozent</b>."
"09371","Amberg-Sulzbach",6.24476987447699,"Hier leben rund <b>   95 600</b> deutsche Personen, davon sind etwa <b>  5970</b> zwischen 18 und 24 Jahre alt. Das entspricht einem Anteil von <b> 6,2 Prozent</b>."
"09372","Cham",6.35752699591344,"Hier leben rund <b>  117 700</b> deutsche Personen, davon sind etwa <b>  7480</b> zwischen 18 und 24 Jahre alt. Das entspricht einem Anteil von <b> 6,4 Prozent</b>."
"09373","Neumarkt in der Oberpfalz",6.71065858166607,"Hier leben rund <b>  123 360</b> deutsche Personen, davon sind etwa <b>  8280</b> zwischen 18 und 24 Jahre alt. Das entspricht einem Anteil von <b> 6,7 Prozent</b>."
"09374","Neustadt an der Waldnaab",6.2704721020447,"Hier leben rund <b>   89 450</b> deutsche Personen, davon sind etwa <b>  5610</b> zwischen 18 und 24 Jahre alt. Das entspricht einem Anteil von <b> 6,3 Prozent</b>."
"09375","Regensburg (Land)",6.34350892785925,"Hier leben rund <b>  175 520</b> deutsche Personen, davon sind etwa <b> 11 130</b> zwischen 18 und 24 Jahre alt. Das entspricht einem Anteil von <b> 6,3 Prozent</b>."
"09376","Schwandorf",6.41337659996395,"Hier leben rund <b>  133 130</b> deutsche Personen, davon sind etwa <b>  8540</b> zwischen 18 und 24 Jahre alt. Das entspricht einem Anteil von <b> 6,4 Prozent</b>."
"09377","Tirschenreuth",6.16939236803617,"Hier leben rund <b>   67 690</b> deutsche Personen, davon sind etwa <b>  4180</b> zwischen 18 und 24 Jahre alt. Das entspricht einem Anteil von <b> 6,2 Prozent</b>."
"09461","Bamberg (Stadt)",7.28133205452744,"Hier leben rund <b>   63 600</b> deutsche Personen, davon sind etwa <b>  4630</b> zwischen 18 und 24 Jahre alt. Das entspricht einem Anteil von <b> 7,3 Prozent</b>."
"09462","Bayreuth (Stadt)",10.7160912604576,"Hier leben rund <b>   61 320</b> deutsche Personen, davon sind etwa <b>  6570</b> zwischen 18 und 24 Jahre alt. Das entspricht einem Anteil von <b>10,7 Prozent</b>."
"09463","Coburg (Stadt)",7.35797399041752,"Hier leben rund <b>   35 060</b> deutsche Personen, davon sind etwa <b>  2580</b> zwischen 18 und 24 Jahre alt. Das entspricht einem Anteil von <b> 7,4 Prozent</b>."
"09464","Hof (Stadt)",7.18873931743283,"Hier leben rund <b>   35 810</b> deutsche Personen, davon sind etwa <b>  2570</b> zwischen 18 und 24 Jahre alt. Das entspricht einem Anteil von <b> 7,2 Prozent</b>."
"09471","Bamberg (Land)",6.19978536415581,"Hier leben rund <b>  137 910</b> deutsche Personen, davon sind etwa <b>  8550</b> zwischen 18 und 24 Jahre alt. Das entspricht einem Anteil von <b> 6,2 Prozent</b>."
"09472","Bayreuth (Land)",6.06478574590071,"Hier leben rund <b>   97 150</b> deutsche Personen, davon sind etwa <b>  5890</b> zwischen 18 und 24 Jahre alt. Das entspricht einem Anteil von <b> 6,1 Prozent</b>."
"09473","Coburg (Land)",5.74079258825625,"Hier leben rund <b>   78 580</b> deutsche Personen, davon sind etwa <b>  4510</b> zwischen 18 und 24 Jahre alt. Das entspricht einem Anteil von <b> 5,7 Prozent</b>."
"09474","Forchheim",6.20225484906143,"Hier leben rund <b>  105 640</b> deutsche Personen, davon sind etwa <b>  6550</b> zwischen 18 und 24 Jahre alt. Das entspricht einem Anteil von <b> 6,2 Prozent</b>."
"09475","Hof (Land)",5.83957068210705,"Hier leben rund <b>   84 970</b> deutsche Personen, davon sind etwa <b>  4960</b> zwischen 18 und 24 Jahre alt. Das entspricht einem Anteil von <b> 5,8 Prozent</b>."
"09476","Kronach",5.86233487561188,"Hier leben rund <b>   59 650</b> deutsche Personen, davon sind etwa <b>  3500</b> zwischen 18 und 24 Jahre alt. Das entspricht einem Anteil von <b> 5,9 Prozent</b>."
"09477","Kulmbach",6.0132582940186,"Hier leben rund <b>   65 920</b> deutsche Personen, davon sind etwa <b>  3960</b> zwischen 18 und 24 Jahre alt. Das entspricht einem Anteil von <b> 6,0 Prozent</b>."
"09478","Lichtenfels",5.76785365536098,"Hier leben rund <b>   61 440</b> deutsche Personen, davon sind etwa <b>  3540</b> zwischen 18 und 24 Jahre alt. Das entspricht einem Anteil von <b> 5,8 Prozent</b>."
"09479","Wunsiedel im Fichtelgebirge",5.89443742098609,"Hier leben rund <b>   63 280</b> deutsche Personen, davon sind etwa <b>  3730</b> zwischen 18 und 24 Jahre alt. Das entspricht einem Anteil von <b> 5,9 Prozent</b>."
"09561","Ansbach (Stadt)",7.15239253611795,"Hier leben rund <b>   33 710</b> deutsche Personen, davon sind etwa <b>  2410</b> zwischen 18 und 24 Jahre alt. Das entspricht einem Anteil von <b> 7,2 Prozent</b>."
"09562","Erlangen (Stadt)",9.22271627173974,"Hier leben rund <b>   88 830</b> deutsche Personen, davon sind etwa <b>  8190</b> zwischen 18 und 24 Jahre alt. Das entspricht einem Anteil von <b> 9,2 Prozent</b>."
"09563","Fürth (Stadt)",6.66904973528616,"Hier leben rund <b>  103 510</b> deutsche Personen, davon sind etwa <b>  6900</b> zwischen 18 und 24 Jahre alt. Das entspricht einem Anteil von <b> 6,7 Prozent</b>."
"09564","Nürnberg (Stadt)",7.57421303144808,"Hier leben rund <b>  391 410</b> deutsche Personen, davon sind etwa <b> 29 650</b> zwischen 18 und 24 Jahre alt. Das entspricht einem Anteil von <b> 7,6 Prozent</b>."
"09565","Schwabach (Stadt)",6.37160086471726,"Hier leben rund <b>   35 160</b> deutsche Personen, davon sind etwa <b>  2240</b> zwischen 18 und 24 Jahre alt. Das entspricht einem Anteil von <b> 6,4 Prozent</b>."
"09571","Ansbach (Land)",6.45935007737174,"Hier leben rund <b>  168 020</b> deutsche Personen, davon sind etwa <b> 10 850</b> zwischen 18 und 24 Jahre alt. Das entspricht einem Anteil von <b> 6,5 Prozent</b>."
"09572","Erlangen-Höchstadt",6.16389329001021,"Hier leben rund <b>  124 340</b> deutsche Personen, davon sind etwa <b>  7660</b> zwischen 18 und 24 Jahre alt. Das entspricht einem Anteil von <b> 6,2 Prozent</b>."
"09573","Fürth (Land)",5.74500220456486,"Hier leben rund <b>  106 600</b> deutsche Personen, davon sind etwa <b>  6120</b> zwischen 18 und 24 Jahre alt. Das entspricht einem Anteil von <b> 5,7 Prozent</b>."
"09574","Nürnberger Land",5.93151632996078,"Hier leben rund <b>  151 720</b> deutsche Personen, davon sind etwa <b>  9000</b> zwischen 18 und 24 Jahre alt. Das entspricht einem Anteil von <b> 5,9 Prozent</b>."
"09575","Neustadt an der Aisch-Bad Winsheim",6.15564193765073,"Hier leben rund <b>   90 810</b> deutsche Personen, davon sind etwa <b>  5590</b> zwischen 18 und 24 Jahre alt. Das entspricht einem Anteil von <b> 6,2 Prozent</b>."
"09576","Roth",6.13271884716069,"Hier leben rund <b>  118 040</b> deutsche Personen, davon sind etwa <b>  7240</b> zwischen 18 und 24 Jahre alt. Das entspricht einem Anteil von <b> 6,1 Prozent</b>."
"09577","Weißenburg-Gunzenhausen",6.69370715624185,"Hier leben rund <b>   84 320</b> deutsche Personen, davon sind etwa <b>  5640</b> zwischen 18 und 24 Jahre alt. Das entspricht einem Anteil von <b> 6,7 Prozent</b>."
"09661","Aschaffenburg (Stadt)",6.87605389109366,"Hier leben rund <b>   58 710</b> deutsche Personen, davon sind etwa <b>  4040</b> zwischen 18 und 24 Jahre alt. Das entspricht einem Anteil von <b> 6,9 Prozent</b>."
"09662","Schweinfurt (Stadt)",6.9911190053286,"Hier leben rund <b>   42 230</b> deutsche Personen, davon sind etwa <b>  2950</b> zwischen 18 und 24 Jahre alt. Das entspricht einem Anteil von <b> 7,0 Prozent</b>."
"09663","Würzburg (Stadt)",10.7639877562642,"Hier leben rund <b>  112 380</b> deutsche Personen, davon sind etwa <b> 12 100</b> zwischen 18 und 24 Jahre alt. Das entspricht einem Anteil von <b>10,8 Prozent</b>."
"09671","Aschaffenburg (Land)",6.02677838554834,"Hier leben rund <b>  152 290</b> deutsche Personen, davon sind etwa <b>  9180</b> zwischen 18 und 24 Jahre alt. Das entspricht einem Anteil von <b> 6,0 Prozent</b>."
"09672","Bad Kissingen",5.74798984341938,"Hier leben rund <b>   94 520</b> deutsche Personen, davon sind etwa <b>  5430</b> zwischen 18 und 24 Jahre alt. Das entspricht einem Anteil von <b> 5,7 Prozent</b>."
"09673","Rhön-Grabfeld",6.37380627557981,"Hier leben rund <b>   73 300</b> deutsche Personen, davon sind etwa <b>  4670</b> zwischen 18 und 24 Jahre alt. Das entspricht einem Anteil von <b> 6,4 Prozent</b>."
"09674","Haßberge",6.24848104989831,"Hier leben rund <b>   78 180</b> deutsche Personen, davon sind etwa <b>  4880</b> zwischen 18 und 24 Jahre alt. Das entspricht einem Anteil von <b> 6,2 Prozent</b>."
"09675","Kitzingen",6.28024106225792,"Hier leben rund <b>   80 810</b> deutsche Personen, davon sind etwa <b>  5080</b> zwischen 18 und 24 Jahre alt. Das entspricht einem Anteil von <b> 6,3 Prozent</b>."
"09676","Miltenberg",6.52043134332379,"Hier leben rund <b>  111 370</b> deutsche Personen, davon sind etwa <b>  7260</b> zwischen 18 und 24 Jahre alt. Das entspricht einem Anteil von <b> 6,5 Prozent</b>."
"09677","Main-Spessart",6.00686599057678,"Hier leben rund <b>  114 190</b> deutsche Personen, davon sind etwa <b>  6860</b> zwischen 18 und 24 Jahre alt. Das entspricht einem Anteil von <b> 6,0 Prozent</b>."
"09678","Schweinfurt (Land)",5.97906047403442,"Hier leben rund <b>  105 350</b> deutsche Personen, davon sind etwa <b>  6300</b> zwischen 18 und 24 Jahre alt. Das entspricht einem Anteil von <b> 6,0 Prozent</b>."
"09679","Würzburg (Land)",6.07817593973797,"Hier leben rund <b>  148 150</b> deutsche Personen, davon sind etwa <b>  9000</b> zwischen 18 und 24 Jahre alt. Das entspricht einem Anteil von <b> 6,1 Prozent</b>."
"09761","Augsburg (Stadt)",8.64912786187637,"Hier leben rund <b>  225 600</b> deutsche Personen, davon sind etwa <b> 19 510</b> zwischen 18 und 24 Jahre alt. Das entspricht einem Anteil von <b> 8,6 Prozent</b>."
"09762","Kaufbeuren (Stadt)",6.91940330543035,"Hier leben rund <b>   37 270</b> deutsche Personen, davon sind etwa <b>  2580</b> zwischen 18 und 24 Jahre alt. Das entspricht einem Anteil von <b> 6,9 Prozent</b>."
"09763","Kempten (Allgäu) (Stadt)",7.58380955847559,"Hier leben rund <b>   54 950</b> deutsche Personen, davon sind etwa <b>  4170</b> zwischen 18 und 24 Jahre alt. Das entspricht einem Anteil von <b> 7,6 Prozent</b>."
"09764","Memmingen (Stadt)",6.93924560898359,"Hier leben rund <b>   34 730</b> deutsche Personen, davon sind etwa <b>  2410</b> zwischen 18 und 24 Jahre alt. Das entspricht einem Anteil von <b> 6,9 Prozent</b>."
"09771","Aichach-Friedberg",6.50510620248621,"Hier leben rund <b>  122 600</b> deutsche Personen, davon sind etwa <b>  7980</b> zwischen 18 und 24 Jahre alt. Das entspricht einem Anteil von <b> 6,5 Prozent</b>."
"09772","Augsburg (Land)",6.56145785248045,"Hier leben rund <b>  231 790</b> deutsche Personen, davon sind etwa <b> 15 210</b> zwischen 18 und 24 Jahre alt. Das entspricht einem Anteil von <b> 6,6 Prozent</b>."
"09773","Dillingen an der Donau",6.79150459536677,"Hier leben rund <b>   87 150</b> deutsche Personen, davon sind etwa <b>  5920</b> zwischen 18 und 24 Jahre alt. Das entspricht einem Anteil von <b> 6,8 Prozent</b>."
"09774","Günzburg",7.0697470390408,"Hier leben rund <b>  109 420</b> deutsche Personen, davon sind etwa <b>  7740</b> zwischen 18 und 24 Jahre alt. Das entspricht einem Anteil von <b> 7,1 Prozent</b>."
"09775","Neu-Ulm",7.09510657420832,"Hier leben rund <b>  152 430</b> deutsche Personen, davon sind etwa <b> 10 820</b> zwischen 18 und 24 Jahre alt. Das entspricht einem Anteil von <b> 7,1 Prozent</b>."
"09776","Lindau (Bodensee)",6.11891860980456,"Hier leben rund <b>   69 950</b> deutsche Personen, davon sind etwa <b>  4280</b> zwischen 18 und 24 Jahre alt. Das entspricht einem Anteil von <b> 6,1 Prozent</b>."
"09777","Ostallgäu",6.64867324681846,"Hier leben rund <b>  127 450</b> deutsche Personen, davon sind etwa <b>  8470</b> zwischen 18 und 24 Jahre alt. Das entspricht einem Anteil von <b> 6,6 Prozent</b>."
"09778","Unterallgäu",6.49957779995394,"Hier leben rund <b>  130 270</b> deutsche Personen, davon sind etwa <b>  8470</b> zwischen 18 und 24 Jahre alt. Das entspricht einem Anteil von <b> 6,5 Prozent</b>."
"09779","Donau-Ries",6.77299541184182,"Hier leben rund <b>  119 000</b> deutsche Personen, davon sind etwa <b>  8060</b> zwischen 18 und 24 Jahre alt. Das entspricht einem Anteil von <b> 6,8 Prozent</b>."
"09780","Oberallgäu",6.02327809314097,"Hier leben rund <b>  139 870</b> deutsche Personen, davon sind etwa <b>  8420</b> zwischen 18 und 24 Jahre alt. Das entspricht einem Anteil von <b> 6,0 Prozent</b>."
"10041","Regionalverband Saarbrücken",6.61213488544947,"Hier leben rund <b>  266 390</b> deutsche Personen, davon sind etwa <b> 17 610</b> zwischen 18 und 24 Jahre alt. Das entspricht einem Anteil von <b> 6,6 Prozent</b>."
"10042","Merzig-Wadern",6.23659408514787,"Hier leben rund <b>   92 310</b> deutsche Personen, davon sind etwa <b>  5760</b> zwischen 18 und 24 Jahre alt. Das entspricht einem Anteil von <b> 6,2 Prozent</b>."
"10043","Neunkirchen",5.85475422347105,"Hier leben rund <b>  115 310</b> deutsche Personen, davon sind etwa <b>  6750</b> zwischen 18 und 24 Jahre alt. Das entspricht einem Anteil von <b> 5,9 Prozent</b>."
"10044","Saarlouis",5.84481134191754,"Hier leben rund <b>  178 310</b> deutsche Personen, davon sind etwa <b> 10 420</b> zwischen 18 und 24 Jahre alt. Das entspricht einem Anteil von <b> 5,8 Prozent</b>."
"10045","Saarpfalz-Kreis",6.06676847844149,"Hier leben rund <b>  126 380</b> deutsche Personen, davon sind etwa <b>  7670</b> zwischen 18 und 24 Jahre alt. Das entspricht einem Anteil von <b> 6,1 Prozent</b>."
"10046","St. Wendel",5.34778613822047,"Hier leben rund <b>   80 540</b> deutsche Personen, davon sind etwa <b>  4310</b> zwischen 18 und 24 Jahre alt. Das entspricht einem Anteil von <b> 5,3 Prozent</b>."
"11000","Berlin (BL)",6.714544000605,"Hier leben rund <b>2 856 190</b> deutsche Personen, davon sind etwa <b>191 780</b> zwischen 18 und 24 Jahre alt. Das entspricht einem Anteil von <b> 6,7 Prozent</b>."
"12051","Brandenburg an der Havel (Stadt)",5.83781865499497,"Hier leben rund <b>   67 630</b> deutsche Personen, davon sind etwa <b>  3950</b> zwischen 18 und 24 Jahre alt. Das entspricht einem Anteil von <b> 5,8 Prozent</b>."
"12052","Cottbus (Stadt)",6.50750866384289,"Hier leben rund <b>   83 100</b> deutsche Personen, davon sind etwa <b>  5410</b> zwischen 18 und 24 Jahre alt. Das entspricht einem Anteil von <b> 6,5 Prozent</b>."
"12053","Frankfurt (Oder) (Stadt)",6.05137043887674,"Hier leben rund <b>   47 580</b> deutsche Personen, davon sind etwa <b>  2880</b> zwischen 18 und 24 Jahre alt. Das entspricht einem Anteil von <b> 6,1 Prozent</b>."
"12054","Potsdam (Stadt)",7.30222123610187,"Hier leben rund <b>  162 250</b> deutsche Personen, davon sind etwa <b> 11 850</b> zwischen 18 und 24 Jahre alt. Das entspricht einem Anteil von <b> 7,3 Prozent</b>."
"12060","Barnim",5.30198248040572,"Hier leben rund <b>  182 200</b> deutsche Personen, davon sind etwa <b>  9660</b> zwischen 18 und 24 Jahre alt. Das entspricht einem Anteil von <b> 5,3 Prozent</b>."
"12061","Dahme-Spreewald",5.12822057795667,"Hier leben rund <b>  165 960</b> deutsche Personen, davon sind etwa <b>  8510</b> zwischen 18 und 24 Jahre alt. Das entspricht einem Anteil von <b> 5,1 Prozent</b>."
"12062","Elbe-Elster",4.46139078498294,"Hier leben rund <b>   93 760</b> deutsche Personen, davon sind etwa <b>  4180</b> zwischen 18 und 24 Jahre alt. Das entspricht einem Anteil von <b> 4,5 Prozent</b>."
"12063","Havelland",5.76199732411077,"Hier leben rund <b>  158 450</b> deutsche Personen, davon sind etwa <b>  9130</b> zwischen 18 und 24 Jahre alt. Das entspricht einem Anteil von <b> 5,8 Prozent</b>."
"12064","Märkisch-Oderland",4.93368728487602,"Hier leben rund <b>  187 970</b> deutsche Personen, davon sind etwa <b>  9270</b> zwischen 18 und 24 Jahre alt. Das entspricht einem Anteil von <b> 4,9 Prozent</b>."
"12065","Oberhavel",5.64333425902919,"Hier leben rund <b>  205 250</b> deutsche Personen, davon sind etwa <b> 11 580</b> zwischen 18 und 24 Jahre alt. Das entspricht einem Anteil von <b> 5,6 Prozent</b>."
"12066","Oberspreewald-Lausitz",4.71236590828716,"Hier leben rund <b>  101 800</b> deutsche Personen, davon sind etwa <b>  4800</b> zwischen 18 und 24 Jahre alt. Das entspricht einem Anteil von <b> 4,7 Prozent</b>."
"12067","Oder-Spree",4.84264989225884,"Hier leben rund <b>  166 600</b> deutsche Personen, davon sind etwa <b>  8070</b> zwischen 18 und 24 Jahre alt. Das entspricht einem Anteil von <b> 4,8 Prozent</b>."
"12068","Ostprignitz-Ruppin",5.1739613609164,"Hier leben rund <b>   93 580</b> deutsche Personen, davon sind etwa <b>  4840</b> zwischen 18 und 24 Jahre alt. Das entspricht einem Anteil von <b> 5,2 Prozent</b>."
"12069","Potsdam-Mittelmark",5.57217903325123,"Hier leben rund <b>  207 870</b> deutsche Personen, davon sind etwa <b> 11 580</b> zwischen 18 und 24 Jahre alt. Das entspricht einem Anteil von <b> 5,6 Prozent</b>."
"12070","Prignitz",4.80901229850408,"Hier leben rund <b>   70 660</b> deutsche Personen, davon sind etwa <b>  3400</b> zwischen 18 und 24 Jahre alt. Das entspricht einem Anteil von <b> 4,8 Prozent</b>."
"12071","Spree-Neiße",4.20650278773016,"Hier leben rund <b>  104 390</b> deutsche Personen, davon sind etwa <b>  4390</b> zwischen 18 und 24 Jahre alt. Das entspricht einem Anteil von <b> 4,2 Prozent</b>."
"12072","Teltow-Fläming",5.49740780592781,"Hier leben rund <b>  163 570</b> deutsche Personen, davon sind etwa <b>  8990</b> zwischen 18 und 24 Jahre alt. Das entspricht einem Anteil von <b> 5,5 Prozent</b>."
"12073","Uckermark",4.93483832270026,"Hier leben rund <b>  110 030</b> deutsche Personen, davon sind etwa <b>  5430</b> zwischen 18 und 24 Jahre alt. Das entspricht einem Anteil von <b> 4,9 Prozent</b>."
"13003","Rostock (Stadt)",8.82521794599192,"Hier leben rund <b>  188 120</b> deutsche Personen, davon sind etwa <b> 16 600</b> zwischen 18 und 24 Jahre alt. Das entspricht einem Anteil von <b> 8,8 Prozent</b>."
"13004","Schwerin (Stadt)",6.63246151920911,"Hier leben rund <b>   87 900</b> deutsche Personen, davon sind etwa <b>  5830</b> zwischen 18 und 24 Jahre alt. Das entspricht einem Anteil von <b> 6,6 Prozent</b>."
"13071","Mecklenburgische Seenplatte",5.00209489444297,"Hier leben rund <b>  233 900</b> deutsche Personen, davon sind etwa <b> 11 700</b> zwischen 18 und 24 Jahre alt. Das entspricht einem Anteil von <b> 5,0 Prozent</b>."
"13072","Rostock (Land)",4.55904946756506,"Hier leben rund <b>  207 630</b> deutsche Personen, davon sind etwa <b>  9470</b> zwischen 18 und 24 Jahre alt. Das entspricht einem Anteil von <b> 4,6 Prozent</b>."
"13073","Vorpommern-Rügen",4.79855944277347,"Hier leben rund <b>  202 140</b> deutsche Personen, davon sind etwa <b>  9700</b> zwischen 18 und 24 Jahre alt. Das entspricht einem Anteil von <b> 4,8 Prozent</b>."
"13074","Nordwestmecklenburg",5.27407686815481,"Hier leben rund <b>  148 460</b> deutsche Personen, davon sind etwa <b>  7830</b> zwischen 18 und 24 Jahre alt. Das entspricht einem Anteil von <b> 5,3 Prozent</b>."
"13075","Vorpommern-Greifswald",6.28272003259567,"Hier leben rund <b>  211 070</b> deutsche Personen, davon sind etwa <b> 13 260</b> zwischen 18 und 24 Jahre alt. Das entspricht einem Anteil von <b> 6,3 Prozent</b>."
"13076","Ludwigslust-Parchim",4.57395283928828,"Hier leben rund <b>  194 910</b> deutsche Personen, davon sind etwa <b>  8920</b> zwischen 18 und 24 Jahre alt. Das entspricht einem Anteil von <b> 4,6 Prozent</b>."
"14511","Chemnitz (Stadt)",6.39557705859262,"Hier leben rund <b>  211 440</b> deutsche Personen, davon sind etwa <b> 13 520</b> zwischen 18 und 24 Jahre alt. Das entspricht einem Anteil von <b> 6,4 Prozent</b>."
"14521","Erzgebirgskreis",5.21044570928482,"Hier leben rund <b>  306 230</b> deutsche Personen, davon sind etwa <b> 15 960</b> zwischen 18 und 24 Jahre alt. Das entspricht einem Anteil von <b> 5,2 Prozent</b>."
"14522","Mittelsachsen",5.33885830733802,"Hier leben rund <b>  279 220</b> deutsche Personen, davon sind etwa <b> 14 910</b> zwischen 18 und 24 Jahre alt. Das entspricht einem Anteil von <b> 5,3 Prozent</b>."
"14523","Vogtlandkreis",5.09715848061713,"Hier leben rund <b>  204 820</b> deutsche Personen, davon sind etwa <b> 10 440</b> zwischen 18 und 24 Jahre alt. Das entspricht einem Anteil von <b> 5,1 Prozent</b>."
"14524","Zwickau",5.25384572433624,"Hier leben rund <b>  286 550</b> deutsche Personen, davon sind etwa <b> 15 060</b> zwischen 18 und 24 Jahre alt. Das entspricht einem Anteil von <b> 5,3 Prozent</b>."
"14612","Dresden (Stadt)",8.25993596233928,"Hier leben rund <b>  498 770</b> deutsche Personen, davon sind etwa <b> 41 200</b> zwischen 18 und 24 Jahre alt. Das entspricht einem Anteil von <b> 8,3 Prozent</b>."
"14625","Bautzen",4.98418172490452,"Hier leben rund <b>  280 690</b> deutsche Personen, davon sind etwa <b> 13 990</b> zwischen 18 und 24 Jahre alt. Das entspricht einem Anteil von <b> 5,0 Prozent</b>."
"14626","Görlitz",5.07168530086606,"Hier leben rund <b>  226 200</b> deutsche Personen, davon sind etwa <b> 11 470</b> zwischen 18 und 24 Jahre alt. Das entspricht einem Anteil von <b> 5,1 Prozent</b>."
"14627","Meißen",5.11112092961605,"Hier leben rund <b>  226 330</b> deutsche Personen, davon sind etwa <b> 11 570</b> zwischen 18 und 24 Jahre alt. Das entspricht einem Anteil von <b> 5,1 Prozent</b>."
"14628","Sächsische Schweiz-Osterzgebirge",5.3603186564754,"Hier leben rund <b>  232 220</b> deutsche Personen, davon sind etwa <b> 12 450</b> zwischen 18 und 24 Jahre alt. Das entspricht einem Anteil von <b> 5,4 Prozent</b>."
"14713","Leipzig (Stadt)",8.84039808050721,"Hier leben rund <b>  527 430</b> deutsche Personen, davon sind etwa <b> 46 630</b> zwischen 18 und 24 Jahre alt. Das entspricht einem Anteil von <b> 8,8 Prozent</b>."
"14729","Leipzig (Land)",5.11262052070595,"Hier leben rund <b>  247 780</b> deutsche Personen, davon sind etwa <b> 12 670</b> zwischen 18 und 24 Jahre alt. Das entspricht einem Anteil von <b> 5,1 Prozent</b>."
"14730","Nordsachsen",5.20841693016388,"Hier leben rund <b>  186 910</b> deutsche Personen, davon sind etwa <b>  9740</b> zwischen 18 und 24 Jahre alt. Das entspricht einem Anteil von <b> 5,2 Prozent</b>."
"15001","Dessau-Roßlau (Stadt)",4.89485981308411,"Hier leben rund <b>   68 480</b> deutsche Personen, davon sind etwa <b>  3350</b> zwischen 18 und 24 Jahre alt. Das entspricht einem Anteil von <b> 4,9 Prozent</b>."
"15002","Halle (Saale) (Stadt)",8.84649846254098,"Hier leben rund <b>  196 430</b> deutsche Personen, davon sind etwa <b> 17 380</b> zwischen 18 und 24 Jahre alt. Das entspricht einem Anteil von <b> 8,8 Prozent</b>."
"15003","Magdeburg (Stadt)",7.46236712563316,"Hier leben rund <b>  210 260</b> deutsche Personen, davon sind etwa <b> 15 690</b> zwischen 18 und 24 Jahre alt. Das entspricht einem Anteil von <b> 7,5 Prozent</b>."
"15081","Altmarkkreis Salzwedel",4.96575342465754,"Hier leben rund <b>   75 920</b> deutsche Personen, davon sind etwa <b>  3770</b> zwischen 18 und 24 Jahre alt. Das entspricht einem Anteil von <b> 5,0 Prozent</b>."
"15082","Anhalt-Bitterfeld",4.82148113881997,"Hier leben rund <b>  142 670</b> deutsche Personen, davon sind etwa <b>  6880</b> zwischen 18 und 24 Jahre alt. Das entspricht einem Anteil von <b> 4,8 Prozent</b>."
"15083","Börde",4.8179071096955,"Hier leben rund <b>  159 180</b> deutsche Personen, davon sind etwa <b>  7670</b> zwischen 18 und 24 Jahre alt. Das entspricht einem Anteil von <b> 4,8 Prozent</b>."
"15084","Burgenlandkreis",4.85307380129265,"Hier leben rund <b>  159 670</b> deutsche Personen, davon sind etwa <b>  7750</b> zwischen 18 und 24 Jahre alt. Das entspricht einem Anteil von <b> 4,9 Prozent</b>."
"15085","Harz",5.08557031514046,"Hier leben rund <b>  195 280</b> deutsche Personen, davon sind etwa <b>  9930</b> zwischen 18 und 24 Jahre alt. Das entspricht einem Anteil von <b> 5,1 Prozent</b>."
"15086","Jerichower Land",4.62508843667934,"Hier leben rund <b>   83 390</b> deutsche Personen, davon sind etwa <b>  3860</b> zwischen 18 und 24 Jahre alt. Das entspricht einem Anteil von <b> 4,6 Prozent</b>."
"15087","Mansfeld-Südharz",4.80955586010039,"Hier leben rund <b>  123 320</b> deutsche Personen, davon sind etwa <b>  5930</b> zwischen 18 und 24 Jahre alt. Das entspricht einem Anteil von <b> 4,8 Prozent</b>."
"15088","Saalekreis",4.97948048314135,"Hier leben rund <b>  171 540</b> deutsche Personen, davon sind etwa <b>  8540</b> zwischen 18 und 24 Jahre alt. Das entspricht einem Anteil von <b> 5,0 Prozent</b>."
"15089","Salzlandkreis",5.09050038635353,"Hier leben rund <b>  170 830</b> deutsche Personen, davon sind etwa <b>  8700</b> zwischen 18 und 24 Jahre alt. Das entspricht einem Anteil von <b> 5,1 Prozent</b>."
"15090","Stendal",5.16459472899055,"Hier leben rund <b>  100 550</b> deutsche Personen, davon sind etwa <b>  5190</b> zwischen 18 und 24 Jahre alt. Das entspricht einem Anteil von <b> 5,2 Prozent</b>."
"15091","Wittenberg",4.47254084115398,"Hier leben rund <b>  115 080</b> deutsche Personen, davon sind etwa <b>  5150</b> zwischen 18 und 24 Jahre alt. Das entspricht einem Anteil von <b> 4,5 Prozent</b>."
"16051","Erfurt (Stadt)",7.97553351398865,"Hier leben rund <b>  192 260</b> deutsche Personen, davon sind etwa <b> 15 330</b> zwischen 18 und 24 Jahre alt. Das entspricht einem Anteil von <b> 8,0 Prozent</b>."
"16052","Gera (Stadt)",5.6423388817755,"Hier leben rund <b>   82 010</b> deutsche Personen, davon sind etwa <b>  4630</b> zwischen 18 und 24 Jahre alt. Das entspricht einem Anteil von <b> 5,6 Prozent</b>."
"16053","Jena (Stadt)",9.18529935536277,"Hier leben rund <b>   96 020</b> deutsche Personen, davon sind etwa <b>  8820</b> zwischen 18 und 24 Jahre alt. Das entspricht einem Anteil von <b> 9,2 Prozent</b>."
"16054","Suhl (Stadt)",4.43164263645726,"Hier leben rund <b>   31 070</b> deutsche Personen, davon sind etwa <b>  1380</b> zwischen 18 und 24 Jahre alt. Das entspricht einem Anteil von <b> 4,4 Prozent</b>."
"16055","Weimar (Stadt)",7.86193672099712,"Hier leben rund <b>   58 410</b> deutsche Personen, davon sind etwa <b>  4590</b> zwischen 18 und 24 Jahre alt. Das entspricht einem Anteil von <b> 7,9 Prozent</b>."
"16061","Eichsfeld",5.46231743931606,"Hier leben rund <b>   98 260</b> deutsche Personen, davon sind etwa <b>  5370</b> zwischen 18 und 24 Jahre alt. Das entspricht einem Anteil von <b> 5,5 Prozent</b>."
"16062","Nordhausen",5.25578324778034,"Hier leben rund <b>   74 220</b> deutsche Personen, davon sind etwa <b>  3900</b> zwischen 18 und 24 Jahre alt. Das entspricht einem Anteil von <b> 5,3 Prozent</b>."
"16063","Wartburgkreis",5.21181288347846,"Hier leben rund <b>  143 100</b> deutsche Personen, davon sind etwa <b>  7460</b> zwischen 18 und 24 Jahre alt. Das entspricht einem Anteil von <b> 5,2 Prozent</b>."
"16064","Unstrut-Hainich-Kreis",5.38319618784593,"Hier leben rund <b>   88 350</b> deutsche Personen, davon sind etwa <b>  4760</b> zwischen 18 und 24 Jahre alt. Das entspricht einem Anteil von <b> 5,4 Prozent</b>."
"16065","Kyffhäuserkreis",4.98465805157255,"Hier leben rund <b>   67 790</b> deutsche Personen, davon sind etwa <b>  3380</b> zwischen 18 und 24 Jahre alt. Das entspricht einem Anteil von <b> 5,0 Prozent</b>."
"16066","Schmalkalden-Meiningen",4.97933828976375,"Hier leben rund <b>  112 040</b> deutsche Personen, davon sind etwa <b>  5580</b> zwischen 18 und 24 Jahre alt. Das entspricht einem Anteil von <b> 5,0 Prozent</b>."
"16067","Gotha",5.35063325205307,"Hier leben rund <b>  122 620</b> deutsche Personen, davon sind etwa <b>  6560</b> zwischen 18 und 24 Jahre alt. Das entspricht einem Anteil von <b> 5,4 Prozent</b>."
"16068","Sömmerda",5.17463004765488,"Hier leben rund <b>   63 790</b> deutsche Personen, davon sind etwa <b>  3300</b> zwischen 18 und 24 Jahre alt. Das entspricht einem Anteil von <b> 5,2 Prozent</b>."
"16069","Hildburghausen",4.91329988557345,"Hier leben rund <b>   56 800</b> deutsche Personen, davon sind etwa <b>  2790</b> zwischen 18 und 24 Jahre alt. Das entspricht einem Anteil von <b> 4,9 Prozent</b>."
"16070","Ilm-Kreis",5.43605014368415,"Hier leben rund <b>   96 040</b> deutsche Personen, davon sind etwa <b>  5220</b> zwischen 18 und 24 Jahre alt. Das entspricht einem Anteil von <b> 5,4 Prozent</b>."
"16071","Weimarer Land",5.25508346767903,"Hier leben rund <b>   76 920</b> deutsche Personen, davon sind etwa <b>  4040</b> zwischen 18 und 24 Jahre alt. Das entspricht einem Anteil von <b> 5,3 Prozent</b>."
"16072","Sonneberg",5.05799543967483,"Hier leben rund <b>   50 440</b> deutsche Personen, davon sind etwa <b>  2550</b> zwischen 18 und 24 Jahre alt. Das entspricht einem Anteil von <b> 5,1 Prozent</b>."
"16073","Saalfeld-Rudolstadt",4.84322033898305,"Hier leben rund <b>   94 400</b> deutsche Personen, davon sind etwa <b>  4570</b> zwischen 18 und 24 Jahre alt. Das entspricht einem Anteil von <b> 4,8 Prozent</b>."
"16074","Saale-Holzland-Kreis",5.30988082974042,"Hier leben rund <b>   78 630</b> deutsche Personen, davon sind etwa <b>  4180</b> zwischen 18 und 24 Jahre alt. Das entspricht einem Anteil von <b> 5,3 Prozent</b>."
"16075","Saale-Orla-Kreis",5.10538963268109,"Hier leben rund <b>   72 820</b> deutsche Personen, davon sind etwa <b>  3720</b> zwischen 18 und 24 Jahre alt. Das entspricht einem Anteil von <b> 5,1 Prozent</b>."
"16076","Greiz",4.64015257755091,"Hier leben rund <b>   89 140</b> deutsche Personen, davon sind etwa <b>  4140</b> zwischen 18 und 24 Jahre alt. Das entspricht einem Anteil von <b> 4,6 Prozent</b>."
"16077","Altenburger Land",4.85698665540121,"Hier leben rund <b>   80 480</b> deutsche Personen, davon sind etwa <b>  3910</b> zwischen 18 und 24 Jahre alt. Das entspricht einem Anteil von <b> 4,9 Prozent</b>."
