"ags","region","bevoelkerung_2024_gesamt","durchschnittsalter_2024_gesamt","bevoelkerung_18_24_deutsch","anteil_18_24_an_bevoelkerung_deutsch","wanderungssaldo_18_24_deutsch","bevoelkerung_30_49_deutsch","anteil_30_49_an_bevoelkerung_deutsch","wanderungssaldo_30_49_deutsch"
"01001","Flensburg (Stadt)",96326,42.9000890200024,7866,9.87632619750141,5.45304971206957,18999,23.8546048088392,-1.05390431848122
"01002","Kiel (Stadt)",252668,42.5795696702744,22078,10.1565015778966,8.79257144505003,54684,25.156179558189,-2.13870095565606
"01003","Lübeck (Stadt)",216889,45.5343961671871,14211,7.53875208216184,3.39104853017135,43832,23.2523102712911,-0.683511426032672
"01004","Neumünster (Stadt)",79809,45.1245528364806,5002,7.2567424451247,-0.686760778328882,15698,22.7741589171466,0.129519926959254
"01051","Dithmarschen",133460,47.0122798977789,7667,6.26235399820305,-2.96296296296296,25590,20.9017397696643,0.989414052812259
"01053","Herzogtum Lauenburg",206235,45.4966369389264,11338,6.12249306103053,-3.89685143613653,43416,23.4445368440379,1.70503977131494
"01054","Nordfriesland",170029,46.8354160302118,9517,6.19362480313423,-3.24586977648202,32779,21.3324395735985,0.672296134297228
"01055","Ostholstein",201472,49.1158762331356,9888,5.31947515372573,-4.12979351032448,38311,20.6102763566329,1.69151127962742
"01056","Pinneberg",325223,45.3654809000632,18032,6.42231569499699,-2.46832678025339,64668,23.032293221166,0.991607103344294
"01057","Plön",130609,48.002832904498,6665,5.41214301374757,-5.69317687961756,26225,21.2953414156834,2.11736706634072
"01058","Rendsburg-Eckernförde",278058,46.4149373408732,15637,6.03316562750787,-5.06280310870315,57951,22.3590190752516,1.38796552246988
"01059","Schleswig-Flensburg",205472,46.3655145852348,11250,5.85949707285568,-3.8173779969393,42555,22.1645242609221,1.53758633399035
"01060","Segeberg",283562,45.266811589861,15639,6.1805679056257,-2.90559447916009,60861,24.0524038176537,1.32031349808091
"01061","Steinburg",132731,46.1920248609419,7353,6.05753546537492,-3.10588438011545,27247,22.4465753876065,1.48480925911825
"01062","Stormarn",246974,46.0353406577907,13163,5.8944436483485,-5.18430025635282,51102,22.8836784409257,1.46030012223349
"02000","Hamburg",1862565,42.1941753425757,113535,7.55166138545899,4.68608254102899,412069,27.4083371246285,-1.60859670686739
"03101","Braunschweig (Stadt)",252962,44.2290976181424,17418,7.88526571688555,5.89529891402388,55797,25.2597411416387,-1.84527014898582
"03102","Salzgitter (Stadt)",104970,44.1285082004231,5834,7.05910823401295,-2.25593154414625,17528,21.2087845604695,-0.387398165555745
"03103","Wolfsburg (Stadt)",129560,44.0774328893015,7040,6.64746706954346,-0.345084872225331,25756,24.3199093527218,-0.606580160802192
"03151","Gifhorn",175943,44.6120688634246,9730,6.03481960665133,-5.07867678459972,37938,23.5302144128611,1.01621716904636
"03153","Goslar",126775,48.4310164925441,6399,5.66308243727598,-2.58885686839577,23572,20.8611000486747,0.604040231358806
"03154","Helmstedt",90227,46.3239446378714,4610,5.62826585925673,-3.99812168779768,19365,23.6423792547736,0.716236409542948
"03155","Northeim",125623,47.5370520070268,6771,5.89638866876246,-2.84300494826811,24268,21.1332979195876,0.76022190260941
"03157","Peine",137045,44.7266366658589,7815,6.35236740499898,-4.21117249846532,28625,23.2676285307864,1.01464031176491
"03158","Wolfenbüttel",118290,46.6265186447337,6462,5.94245146814048,-4.05726788432268,24200,22.2543060242958,1.29943737126585
"03159","Göttingen",328028,45.5408246055965,22227,7.68066512548853,1.37128144852098,63958,22.1010473791333,-2.62599859330877
"03241","Region Hannover",1140888,44.368123435755,67874,7.1247946506831,1.90125465678928,226990,23.8273438689123,-0.636869787196584
"03251","Diepholz",221202,45.6134350765338,12440,6.2421596668172,-2.60504201680672,44633,22.3960058206634,1.39077158721042
"03252","Hameln-Pyrmont",150203,46.778175799154,7901,6.0356747259463,-2.81580281580282,27846,21.2719147473359,0.56129700561297
"03254","Hildesheim",267506,45.8527679926102,17135,7.14446538467953,0.168715353097132,52882,22.0492336429894,0.332131334219017
"03255","Holzminden",65581,47.3830823883137,3710,6.28462046651873,-2.56161616161616,12166,20.6088120203954,0.474427533251063
"03256","Nienburg (Weser)",121468,45.5109404805607,7227,6.62146685601722,-2.57390082136426,24028,22.0147510192863,0.986518055672831
"03257","Schaumburg",156841,46.9448047131729,8704,6.18159866482014,-3.76366993324812,30051,21.3422818791946,0.988473394987267
"03351","Celle",172449,45.6831229731371,9809,6.25761548423316,-3.43912776214048,36077,23.0151895019553,0.975440959168023
"03352","Cuxhaven",198842,47.1206955285676,10535,5.71203947190067,-3.69392365695508,39449,21.3891072735652,1.15936098750277
"03353","Harburg",265864,45.5269053556772,14635,6.09682431897618,-3.43231692464404,55039,22.9288085884612,1.77036474820588
"03354","Lüchow-Dannenberg",46502,49.0504711095854,2367,5.46865975094148,-6.21168778095627,8693,20.084097682693,1.83372183372183
"03355","Lüneburg",179448,44.4066399055346,12246,7.43150165366993,0.0519089516987205,39255,23.8219498133932,0.559695144772209
"03356","Osterholz",113598,46.3647798234344,6190,5.85802568446156,-4.21008969772386,23566,22.3021378481456,1.47793089674456
"03357","Rotenburg (Wümme)",165904,45.1355316803388,10353,6.83406935065449,-2.89868132528311,34479,22.7597679070044,0.899554617909048
"03358","Heidekreis",141321,45.6568870229734,8322,6.5006483463263,-2.90717637633055,28843,22.5304254089269,0.787840758558182
"03359","Stade",207700,44.7721739431086,11901,6.42810845846386,-2.46418938382172,43015,23.2337690396457,0.789264134151483
"03360","Uelzen",91638,47.219507194311,5097,6.08321000620614,-2.84228125580531,17706,21.1319043299756,1.42695356738392
"03361","Verden",138626,45.047337851274,7920,6.32325232331619,-2.44648318042813,28322,22.6120141794143,1.2399708242159
"03401","Delmenhorst (Stadt)",81406,44.2888860964064,4730,7.07988444670628,-0.548954207490793,14802,22.1556975856546,0.128196477970447
"03402","Emden (Stadt)",49202,44.3565507250367,3187,7.44521796009905,-0.993029695407238,9808,22.9126757931131,-0.203748981255094
"03403","Oldenburg (Stadt)",176614,43.2182672726589,13331,8.61014409445259,6.31405735778091,38201,24.6730263710287,-1.40695561432864
"03404","Osnabrück (Stadt)",166057,42.4320927404571,14716,10.6208997019277,6.93839779586514,32866,23.7202017942074,-2.53401205027382
"03405","Wilhelmshaven (Stadt)",75745,46.3625828672917,4304,6.58758705135073,0.530612244897959,14281,21.8581158643912,-0.732074930022249
"03451","Ammerland",127751,45.9124334947128,7352,6.2691861654956,-3.84916492693111,26291,22.418821201992,1.30549981993106
"03452","Aurich",188816,46.3583143406146,11126,6.32590402547191,-3.69512464151776,38206,21.7227655219468,0.714291928762213
"03453","Cloppenburg",177025,41.6031306490398,11812,7.74816496008501,-2.23927836683019,35985,23.6046153139739,0.474201196793497
"03454","Emsland",334539,43.5072067190332,20144,6.95462439021022,-2.71167083371917,68119,23.5177749621093,0.635729163581801
"03455","Friesland",100411,47.6092294672827,5288,5.59908517216552,-3.63244224984392,20420,21.6212782177798,1.48569701853344
"03456","Grafschaft Bentheim",144543,44.2552915847276,8305,6.82494288578801,-3.10960706899793,28084,23.0790723665828,0.551004308513866
"03457","Leer",169103,44.8591568195939,10002,6.54491202125362,-2.88538033168105,35096,22.965430143763,0.692831818659633
"03458","Oldenburg (Land)",132008,45.4525237877435,7512,6.28545609719363,-4.13478824365567,26992,22.5848017805445,1.66945543048372
"03459","Osnabrück (Land)",354821,44.8747999694627,21285,6.62700117688816,-3.248746163635,72714,22.6392183968168,0.93572421923208
"03460","Vechta",146539,41.9136936303303,9909,7.89863852310047,-1.75671826037413,29996,23.9103402098014,0.0214275242187412
"03461","Wesermarsch",88936,46.2382969929432,5196,6.48494833008836,-2.61449480642115,17211,21.4804552942938,0.914449078697449
"03462","Wittmund",55969,47.1920641940417,3236,6.18915558955723,-3.34641989156852,10948,20.9390838672659,1.0939452113234
"04011","Bremen (Stadt)",586271,43.0826691761382,33470,7.4041792576796,1.50102658010099,106960,23.6615181775145,-1.39052058463132
"04012","Bremerhaven (Stadt)",118610,43.2549215196108,7335,7.95380611581002,0.517309988062077,20330,22.0451095207113,-0.768923507090074
"05111","Düsseldorf (Stadt)",618685,43.1449176715589,33942,7.18764492500429,5.92261361562329,125141,26.500178939366,-1.77677022293515
"05112","Duisburg (Stadt)",502270,43.1790913334036,29011,7.56848841547247,0.0824914683481366,88957,23.2074049145215,-0.572506693248699
"05113","Essen (Stadt)",574682,44.0348442925173,31874,6.84789357556122,1.63198191254304,110652,23.7727652608082,-1.01684750013631
"05114","Krefeld (Stadt)",231406,44.7688177403241,12791,6.91738187560502,-1.26655587450269,41898,22.6584681279102,-0.259017651573292
"05116","Mönchengladbach (Stadt)",267213,44.051966484995,14863,7.01607802041144,-0.565653997711961,48473,22.8816759660502,-0.831262082297708
"05117","Mülheim an der Ruhr (Stadt)",173050,45.5202099185232,8692,6.13114384064105,-1.76987894175222,31496,22.2165791998194,0.128712552691701
"05119","Oberhausen (Stadt)",213646,44.8437595747885,11534,6.59760555082055,-0.682774572917538,40541,23.190005777338,-0.162512188414131
"05120","Remscheid (Stadt)",113828,44.8343495796022,6681,7.30587116034424,-1.22024706236818,20421,22.3309676643302,-0.220476095749619
"05122","Solingen (Stadt)",165626,44.9523628939491,9492,6.98984513649049,-0.934222407445996,30670,22.5851822941597,0.256043627173877
"05124","Wuppertal (Stadt)",358193,43.6497982303037,21483,7.77887613109269,0.813864712169797,62220,22.5295197540654,-0.99717628075837
"05154","Kleve",322018,44.6243387903588,16751,6.39539101186226,-2.93296884788428,59857,22.85289951627,0.864210190502233
"05158","Mettmann",490910,46.1644006599963,26101,6.24953609148396,-2.72925211403109,91696,21.9553833739977,0.77495384547354
"05162","Rhein-Kreis Neuss",457077,45.2756407458201,24651,6.32016962493302,-2.75330984411702,89279,22.8898796780818,0.530711610486891
"05166","Viersen",297857,46.0772169947224,15722,6.02548625083836,-3.66191607284244,58031,22.2404905624221,1.22453058681058
"05170","Wesel",457918,46.3210083972879,24242,5.95679224698008,-2.96684118673647,92075,22.6248513382019,0.933410962073882
"05314","Bonn (Stadt)",323336,42.4582265552904,24058,9.22954159201728,3.65716910522974,63176,24.2366580604075,-1.91024069242296
"05315","Köln (Stadt)",1024621,42.511221591529,65604,7.95718905176952,7.07650606079064,224997,27.2901601286657,-1.94193845315174
"05316","Leverkusen (Stadt)",168581,44.4473339574095,9659,7.06930243791763,-0.306122448979592,31089,22.7536539488996,-0.284641276231912
"05334","Städteregion Aachen",582410,43.5213357423897,43473,9.11181163095832,2.67213548936658,108029,22.642557419106,-0.967625163290681
"05358","Düren",279285,44.643868249595,15640,6.47254548163353,-2.00293013827844,56337,23.3148206393087,1.00299548222353
"05362","Rhein-Erft-Kreis",477988,44.6191395386027,26553,6.57416829454888,-1.74776030017478,94158,23.3122637094917,0.983219622782286
"05366","Euskirchen",202609,45.3379617689838,11473,6.30339591128106,-2.55201874052639,41760,22.9434161296171,1.36679511247242
"05370","Heinsberg",263681,45.0565596856269,14584,6.40534071194853,-2.89601932117135,53355,23.4336912840108,1.19103101859044
"05374","Oberbergischer Kreis",274057,44.8004557293376,16347,6.72522318673633,-2.79314427686873,55453,22.8135927921998,0.795819638834521
"05378","Rheinisch-Bergischer Kreis",284273,46.2335142011691,15500,6.14910996592203,-3.81860589923009,55789,22.1324319928274,1.13789210741221
"05382","Rhein-Sieg-Kreis",605441,45.2411682539967,35200,6.60535446546356,-2.78690183738626,121568,22.8124923766328,0.891606058584106
"05512","Bottrop (Stadt)",118535,45.7447671858049,6498,6.26252891287587,-1.21927523559701,24042,23.1707787201234,0.253778637727489
"05513","Gelsenkirchen (Stadt)",267930,42.7407374729629,15433,7.67265080067415,0.117401513175059,44951,22.34778242345,-0.535457363651196
"05515","Münster (Stadt)",308258,41.8006824008087,33340,12.2864429015758,10.2861701066906,65345,24.0809121596722,-2.12664722067068
"05554","Borken",380796,43.6359460443457,22920,6.78716952525348,-2.86317797765059,79458,23.5294466028617,0.612492603007175
"05558","Coesfeld",227859,45.1562866289244,12688,6.1287284144427,-4.324756505306,47265,22.8305760173892,1.21668639477743
"05562","Recklinghausen",621305,45.5226761677712,33927,6.36912662222464,-1.96018177077513,119629,22.4579906472754,0.585298384104173
"05566","Steinfurt",451712,44.1985716578281,27131,6.82022714817924,-3.04037292164261,90079,22.6441797678242,0.73645154036429
"05570","Warendorf",282639,44.8662823720577,16740,6.78235291734362,-3.4535394008777,55327,22.4162030978417,0.90052190030241
"05711","Bielefeld (Stadt)",331605,43.0226208875473,23845,8.73388836592593,4.42947287206194,64585,23.6560360710139,-1.05797846647657
"05754","Gütersloh",363982,44.0940194555003,21693,7.02488973517011,-2.93101674236745,69624,22.546486097888,0.364988106588083
"05758","Herford",254404,45.2855896290043,14818,6.6097491346394,-2.53415038937827,50744,22.6349784105913,0.646025524277098
"05762","Höxter",139252,46.0510489731417,8115,6.40100333656736,-3.57129171935472,27691,21.8422900052849,0.584392014519056
"05766","Lippe",347149,45.0557639823372,21135,6.8029072087963,-2.45131521029704,68378,22.0094246095611,0.434694352439091
"05770","Minden-Lübbecke",320557,44.8761967516469,19149,6.72026784210231,-2.6231130908191,63963,22.4475686450671,0.395916583745308
"05774","Paderborn",315912,43.1352430459254,22302,7.96136052090473,0.105050844608791,67759,24.188585218186,-0.265626090163363
"05911","Bochum (Stadt)",358676,44.4623510666461,23073,7.62983416279493,4.12103341757933,72584,24.0022486400688,-0.84326949527143
"05913","Dortmund (Stadt)",603462,43.2645203255219,36774,7.68714607333455,2.03481009894592,115780,24.2023650505975,-1.15868206501852
"05914","Hagen (Stadt)",190384,43.7545585858745,11137,7.56348176872873,-1.34500364697301,32690,22.2007918667273,-0.933992379775512
"05915","Hamm (Stadt)",179968,43.9428225285228,11319,7.66901093540388,-1.44069469113874,33490,22.6906242801198,-0.0281641972700846
"05916","Herne (Stadt)",155851,44.2619528080939,9260,7.46581527347781,-0.230777299905591,27785,22.4014770381837,-0.227928517737203
"05954","Ennepe-Ruhr-Kreis",314167,46.4097740867517,16959,6.1828946840741,-0.917177744626775,60735,22.1427034988643,0.364638918534329
"05958","Hochsauerlandkreis",260843,45.8290960499148,15121,6.5425736748054,-2.93017456359102,51333,22.2108282817794,0.433188068762906
"05962","Märkischer Kreis",408046,45.5291694298377,23545,6.78821741900701,-2.86103171362461,76282,21.9927288662855,0.203512574169761
"05966","Olpe",132346,44.8062536835837,7878,6.71800250709918,-2.91973694635924,27298,23.2785011981205,0.20213899812562
"05970","Siegen-Wittgenstein",274074,44.6639829478037,16266,6.83948281299275,-1.03411077632705,55044,23.1447492904447,-0.25364383259507
"05974","Soest",300297,45.3444375727453,17164,6.45729248179137,-3.18896551724138,61110,22.9902786974056,0.599478762032277
"05978","Unna",393784,45.8926109962655,21817,6.33423337107685,-2.64573339148132,78502,22.7918590134425,0.67797923446459
"06411","Darmstadt (Stadt)",167029,40.9657462437967,13042,10.22220480464,7.35891873020623,32000,25.0813183367951,-2.53602427792279
"06412","Frankfurt am Main (Stadt)",756021,41.1326748416311,44464,8.34057080687669,6.55204717033118,147673,27.7005467965973,-2.25779939428739
"06413","Offenbach am Main (Stadt)",132746,41.0023450512486,7021,8.78096977125205,3.28882294757666,19535,24.4318821366484,-1.6693341593956
"06414","Wiesbaden (Stadt)",288850,43.179454076121,18360,8.26137626609191,3.02444947292897,52550,23.6457147485365,-1.2323665357791
"06431","Bergstraße",274169,45.6197126846351,14214,6.13365093338166,-2.39640994100093,51789,22.3480827486213,0.836817346130946
"06432","Darmstadt-Dieburg",302021,44.8766791224577,16796,6.60614832761713,-2.47881109950075,58169,22.8788427047607,0.307129882706181
"06433","Groß-Gerau",268310,43.1755600431468,14984,7.34056416135132,-1.00276388222664,47120,23.0837815858832,-0.109086242299795
"06434","Hochtaunuskreis",241664,45.7122007509685,12634,6.43878970731384,-4.04504649787669,41218,21.0063348231805,1.07236469960244
"06435","Main-Kinzig-Kreis",420914,44.7638717608782,22532,6.57761066803676,-1.81844277000359,77222,22.5428834993403,0.608476983413465
"06436","Main-Taunus-Kreis",238775,44.6938212227265,12705,6.56409355577025,-3.1595191682911,43476,22.4620646541257,0.119447555057857
"06437","Odenwaldkreis",93846,46.6623858786109,5040,6.27927838134157,-3.47530031476842,16968,21.1402372171833,0.695435092724679
"06438","Offenbach (Land)",358022,44.3090808259441,19941,7.07072497890235,-1.11968449931413,63584,22.5457588415088,0.0105054707238795
"06439","Rheingau-Taunus-Kreis",185651,46.3960747454413,10258,6.43667486571959,-3.23581135091926,34150,21.4283921489885,0.80745882831334
"06440","Wetteraukreis",311593,45.0185236551355,16909,6.40133561488256,-2.64510539994225,60803,23.0185350636764,0.690672346139664
"06531","Gießen",268418,43.0876444374164,20407,8.98594885930805,4.49200992402879,53318,23.4778664811382,-0.985408375971196
"06532","Lahn-Dill-Kreis",254074,45.1981905823424,14694,6.66035110303283,-1.56474780337738,50229,22.7673047199017,0.44630628102597
"06533","Limburg-Weilburg",173830,45.2584572525581,10094,6.72565664103623,-2.2914873952258,33368,22.2331791953732,0.274826125348493
"06534","Marburg-Biedenkopf",242805,43.675730295082,19635,9.31778707895561,3.36360085920719,48142,22.8457807769331,-0.402594964433968
"06535","Vogelsbergkreis",101163,47.2711700721247,5302,5.7604137241694,-3.40662562298446,19971,21.6977032224419,0.927631469773153
"06611","Kassel (Stadt)",197230,42.905914944213,13229,8.60333233614713,4.29767129529702,36798,23.9311681386002,-2.1842251418062
"06631","Fulda",222283,44.6189882320551,13737,7.01139217247504,-1.21998143998551,44723,22.8267083154693,0.0724442851168071
"06632","Hersfeld-Rotenburg",117414,46.4618159265155,6432,6.18182167674224,-2.7803332311152,22434,21.561409747518,0.328457563282824
"06633","Kassel (Land)",231073,46.832569296631,12218,5.84478642945642,-2.40881298756062,45836,21.9267990489904,0.965739585840682
"06634","Schwalm-Eder-Kreis",180071,46.2432732607441,9735,6.02741591956016,-2.64607162642161,36686,22.7141017385705,0.798604486358309
"06635","Waldeck-Frankenberg",155126,46.0449673211812,8616,6.25730781800356,-3.23690719432197,30055,21.8272268419333,0.463117211967748
"06636","Werra-Meißner-Kreis",97695,47.407867255636,5222,5.85268537613198,-2.22540421215918,19073,21.3765354613109,1.09099227507083
"07111","Koblenz (Stadt)",113378,44.0079805785869,7290,7.74378585086042,3.98959236773634,23240,24.6866369237306,-2.11731170472244
"07131","Ahrweiler",129353,46.8010762157273,6806,5.87712102240836,-1.15379203602082,25603,22.1087172401882,1.17799617799618
"07132","Altenkirchen (Westerwald)",132125,45.2270256278525,7520,6.35011779806288,-2.61635220125786,27008,22.8063805172982,0.86825931675059
"07133","Bad Kreuznach",164748,45.9753450232157,8621,6.02774398344311,-2.88172976100083,31806,22.2385367286152,0.831104317921284
"07134","Birkenfeld",82611,46.2964997097641,4478,6.21374850831183,-1.93588676103247,15751,21.8563538978159,0.337996833953707
"07135","Cochem-Zell",61608,47.0432059554179,3336,6.08259640805908,-3.43885434332014,11644,21.2307411796882,0.64882400648824
"07137","Mayen-Koblenz",217228,45.3203642356706,12169,6.27769609739741,-1.91771541728549,45634,23.5414893342619,0.486953939798835
"07138","Neuwied",189061,45.151202772761,10917,6.56408961362242,-2.42782731526441,37040,22.2711257019854,0.88346265446691
"07140","Rhein-Hunsrück-Kreis",106705,45.8448253707549,5723,6.05627691884398,-2.91288815608684,21279,22.5181751801644,1.10202063697112
"07141","Rhein-Lahn-Kreis",125588,46.060332751787,6638,5.96256108077034,-2.7813868437515,25158,22.5980885311871,1.30361364403918
"07143","Westerwaldkreis",207803,45.1852508009402,11592,6.26029476094552,-3.05493964030549,43262,23.3637743226385,0.884664251094066
"07211","Trier (Stadt)",104342,42.6684961255758,7715,9.09198043721643,3.68936460942838,21096,24.8612338695422,-2.07720854017061
"07231","Bernkastel-Wittlich",113187,46.1149798946875,5872,5.99000306028767,-3.2081251007577,21614,22.0483525451392,0.729478614758504
"07232","Bitburg-Prüm",99788,44.672181828532,5078,6.1444266976429,-2.54264155728869,19148,23.1692560863463,0.720691864189622
"07233","Vulkaneifel",59313,47.0413126205063,3033,5.6854181116089,-3.07314678448699,11712,21.9543741916134,0.876962969437403
"07235","Trier-Saarburg",148953,45.1580807939822,7512,5.8524728099972,-3.25801592425221,30062,23.4207984044377,0.865930459464254
"07311","Frankenthal (Pfalz) (Stadt)",48140,44.9893305114532,2442,6.47041678810842,-1.68940870695257,8202,21.7323335364723,-0.953424212917884
"07312","Kaiserslautern (Stadt)",100426,43.6468144306073,6133,7.82959492410412,2.56410256410256,17874,22.8185520419757,-2.03938515191145
"07313","Landau in der Pfalz (Stadt)",48209,43.3193133337934,3899,9.29506281736477,5.12641538700171,9864,23.5153884663981,-0.475787692958342
"07314","Ludwigshafen am Rhein (Stadt)",177222,42.2472112059009,9637,7.87825774173506,-0.112994350282486,26931,22.0161211209575,-1.47857831825452
"07315","Mainz (Stadt)",224684,41.6013872460573,18950,10.4773120580316,9.53799545569301,47295,26.1490487485279,-2.21008612244301
"07316","Neustadt an der Weinstraße (Stadt)",52945,46.4157000290417,2702,5.89338684348281,-2.69802836388793,9877,21.5429244459955,0.472813238770686
"07317","Pirmasens (Stadt)",39761,46.0330520053457,2050,6.18457175611669,0.236721408492381,6981,21.0607294777808,-0.364376301343933
"07318","Speyer (Stadt)",49564,46.1105690112716,2562,6.22494350900211,-2.6417445482866,8969,21.7921617221858,-0.399268629426471
"07319","Worms (Stadt)",86753,43.4130738057719,4916,7.26574046704109,-1.34403072070219,15331,22.6588826485368,-0.733835779452598
"07320","Zweibrücken (Stadt)",33323,45.7009690769984,1895,6.50733147900141,-0.893010475699811,6695,22.9902819271316,0.113642233586446
"07331","Alzey-Worms",131238,44.8038257765944,7174,6.15783420027124,-3.33729582177608,27120,23.278570324973,1.27561846276742
"07332","Bad Dürkheim",134329,47.2035537017655,6519,5.4023369520179,-4.29623171558655,26357,21.8422143034723,1.54352161189237
"07333","Donnersbergkreis",74783,45.9917700022229,4204,6.23683351630419,-3.86963878466858,15097,22.3971159837403,1.08767741079719
"07334","Germersheim",131383,44.5208295499966,7277,6.44866852762639,-2.56342494714588,26299,23.3054189374806,0.755782884189633
"07335","Kaiserslautern (Land)",106343,45.0379609689944,5682,6.0419812424236,-3.62057667103539,21506,22.8685055613449,0.395716945996276
"07336","Kusel",69334,46.8129119937616,3712,5.82612653618571,-2.82833461505597,14081,22.1006701928963,0.793250162255715
"07337","Südliche Weinstraße",113031,46.6325258387921,5823,5.67837186850907,-3.0702468131272,22941,22.3712053985002,1.32137731019073
"07338","Rhein-Pfalz-Kreis",155882,45.7882352711732,7835,5.71388982074357,-3.17069163791687,30891,22.5281136506177,1.04251330233969
"07339","Mainz-Bingen",206454,45.3247349898472,11079,6.10938327157226,-3.90634089586969,41372,22.814099170637,1.08948910916811
"07340","Südwestpfalz",89974,48.1007426221388,4485,5.30825768425039,-3.45918298674204,18442,21.8271768590738,1.07021094277015
"08111","Stuttgart (Stadt)",612663,42.4206354459791,38663,8.69056048192229,4.46439227320001,117215,26.3472582802297,-3.05981228454241
"08115","Böblingen",395167,43.6825458748652,21868,6.9764177428411,-2.26500905105995,73394,23.4144505129907,-0.363294962854111
"08116","Esslingen",536601,44.2208730695685,30968,7.18465072036749,-0.802285617896978,98922,22.9501426814839,-0.187182847733306
"08117","Göppingen",258809,44.6609456213419,14690,7.04218600191755,-2.00915058683111,45817,21.964046021093,0.260215670275873
"08118","Ludwigsburg",535374,43.8371285340951,29628,6.93849544154807,-1.61715513612902,99516,23.3053635871843,-0.231852683344024
"08119","Rems-Murr-Kreis",440696,44.6283991219077,25221,7.00596956051923,-2.05305651672434,80940,22.4837705177601,0.383838132347388
"08121","Heilbronn (Stadt)",131986,42.0783728096084,7797,8.5123804532949,0.777578398701188,21270,23.2215380584305,-1.79587846680226
"08125","Heilbronn (Land)",353877,43.7314466523749,19958,6.77750837085787,-2.04022850559263,69132,23.4764359502027,0.566860323669946
"08126","Hohenlohekreis",115644,43.8743525777937,6921,6.97161391703769,-1.9304152637486,23073,23.2417349960715,0.380537400145243
"08127","Schwäbisch Hall",200902,43.5564770397984,11615,6.81683461766449,-2.24811289793239,40283,23.6420618943934,0.33665814579052
"08128","Main-Tauber-Kreis",133169,45.8173850617127,7520,6.45504643856547,-2.72899661967186,25603,21.9772013253446,0.628709778194314
"08135","Heidenheim",135235,44.7528398974712,7455,6.79277259929475,-2.70350944522622,24521,22.3428003899808,0.418863985937157
"08136","Ostalbkreis",317427,44.3651437663437,19904,7.21876065369244,-2.08041794943558,63294,22.9553977499402,0.357360945174565
"08211","Baden-Baden (Stadt)",56881,47.6569492704529,2509,5.86406768569158,-2.38188207731355,8426,19.6933576403496,-0.0549925367271585
"08212","Karlsruhe (Stadt)",309050,42.9904074465077,24336,9.91170049851748,6.84359741691605,59255,24.133703691636,-2.0345134638578
"08215","Karlsruhe (Land)",456264,45.0871829248322,24577,6.40162743085763,-2.40820125588285,87696,22.8423777994259,0.733862513104688
"08216","Rastatt",230737,45.4546982574043,12149,6.33972228165295,-3.16650977931179,42538,22.1976381938393,0.430555226987769
"08221","Heidelberg (Stadt)",155756,40.0369588720611,17137,14.0920005262812,8.54176055280156,29334,24.1217683047168,-2.6252207043955
"08222","Mannheim (Stadt)",318035,42.4622362551824,22885,9.94848609994131,5.32345505823214,55552,24.1493685743474,-1.97987903103249
"08225","Neckar-Odenwald-Kreis",145263,45.4699256332698,8639,6.79369623000582,-3.21681864235056,27931,21.9648951730863,0.616018888049953
"08226","Rhein-Neckar-Kreis",558561,45.1149198296371,31608,6.6445098917177,-1.6915176126559,108186,22.7424369509419,0.415608261299737
"08231","Pforzheim (Stadt)",134912,42.58405472755,7619,8.22164670335599,0.358756311453627,20080,21.6682853134779,-1.38847858197932
"08235","Calw",161251,44.5486962889606,9193,6.90434704238892,-2.70512422895344,29567,22.2061165019377,0.888355342136855
"08236","Enzkreis",199745,44.8029498136772,11193,6.58388527463737,-3.07403988699617,37754,22.2074515017117,0.778140672127929
"08237","Freudenstadt",121958,44.6087745683393,7199,6.96107060666422,-2.79646484632634,23184,22.4177609313659,0.50425785450635
"08311","Freiburg im Breisgau (Stadt)",237460,41.012631143318,21960,11.3120656882794,8.91948833709556,48878,25.1781032200238,-1.56412417474364
"08315","Breisgau-Hochschwarzwald",272558,44.9773153777045,15224,6.5130804937004,-2.67026702670267,51930,22.216518000385,1.00347153992271
"08316","Emmendingen",169787,44.6787774409276,9457,6.42725586010507,-2.58544839255499,33613,22.8443852411665,1.02802422194057
"08317","Ortenaukreis",444858,44.5270887928005,25264,6.70017105804039,-2.27318752531389,84991,22.540145598239,0.556772544724352
"08325","Rottweil",140237,44.4187683561038,7790,6.48826032999342,-3.29377573262291,26930,22.4298909739054,0.490030203907709
"08326","Schwarzwald-Baar-Kreis",214065,44.6661483801298,11742,6.78371492451947,-2.10582010582011,38054,21.98496744487,0.319829424307036
"08327","Tuttlingen",145208,43.1286148044716,8301,7.14568555884581,-2.81498738109105,26254,22.6000275463122,0.240761264187717
"08335","Konstanz",291841,44.2596879232002,20734,8.62378757881777,2.34323279910089,52486,21.8302360789925,0.419096327579638
"08336","Lörrach",238263,44.2997823451037,12610,6.52482122714243,-1.52916889670464,43660,22.5910939553559,0.768336335240875
"08337","Waldshut",171579,44.6011235673227,9361,6.69791070406411,-2.70957980881645,31426,22.4856897538638,0.697840423605118
"08415","Reutlingen",293483,44.2652938593891,17433,7.24512399373278,-1.52850937990944,53923,22.4103035113895,0.308118551097362
"08416","Tübingen",233546,42.1274429755006,21054,10.63370927255,4.73015726036699,45607,23.0346527402484,-0.869843681345279
"08417","Zollernalbkreis",193326,45.1207897642917,11117,6.78639668402386,-1.90996301433195,36213,22.1063041394761,0.574873546484499
"08421","Ulm (Stadt)",129882,42.2902577231064,9241,9.35664817139849,4.67658563844649,23857,24.15556275566,-2.09843944283778
"08425","Alb-Donau-Kreis",202354,43.4433943491508,12075,7.07841654502928,-2.50045676402266,39486,23.1468617554473,0.811711966537238
"08426","Biberach",207415,43.2468987355559,12087,6.70602138248234,-2.46215017586787,43301,24.0239457171232,0.651847683361471
"08435","Bodenseekreis",220804,45.682605186748,11762,6.36547640952927,-2.79926928863099,40381,21.8537921181093,0.447681356211167
"08436","Ravensburg",291102,43.8528907911002,18376,7.31403461987001,-1.20486040002731,57796,23.0040239927083,0.542662916080638
"08437","Sigmaringen",132167,44.6037993560667,8002,6.93630595333033,-2.3931819046532,25781,22.3475260913283,0.63342815002107
"09161","Ingolstadt (Stadt)",141185,41.976339441633,7951,7.35876647415963,1.50630447660151,27832,25.7589219606101,-1.70586837728677
"09162","München (Stadt)",1505005,41.675709826645,82109,7.6268722569259,7.46205354274037,298961,27.7696398300165,-2.51769401053846
"09163","Rosenheim (Stadt)",65274,43.1258376831752,3837,7.75527528498666,3.78625134264232,11839,23.9287735467702,-0.74292486919319
"09171","Altötting",113938,44.7175647479356,6472,6.65337089047433,-1.22878581860301,22092,22.7111047145178,0.893757447978733
"09172","Berchtesgadener Land",105292,45.7179833794592,5631,6.52619867181252,-0.945665245435662,19676,22.8040286035488,0.515651856867545
"09173","Bad Tölz-Wolfratshausen",130248,44.9277257349033,7402,6.60892857142857,-2.57563729381671,25637,22.8901785714286,0.917964364491289
"09174","Dachau",153595,43.567466150554,8709,6.84782865095653,-1.50105868118572,31064,24.4254161457473,0.187527776874465
"09175","Ebersberg",144225,43.5403322111271,8487,7.00224415035807,-2.85990338164251,28336,23.3787663773473,0.622843888712279
"09176","Eichstätt",135668,42.7929798080342,8536,7.04,-1.77652582159624,30169,24.8816494845361,0.599644903018324
"09177","Erding",140127,43.1407305465515,8672,7.20582980880288,-1.41065830721003,29338,24.377840743849,0.52888341768112
"09178","Freising",184564,42.1549952302797,11669,7.90395231483049,1.27496812579686,36609,24.7969654892133,-0.239728858394643
"09179","Fürstenfeldbruck",218227,44.6530779637443,11906,6.64968778973001,-2.45298219296052,40270,22.4914267841784,0.406324240190055
"09180","Garmisch-Partenkirchen",89296,46.906161966497,4716,6.16962545297557,-1.34254689042448,16553,21.6551760227109,0.84635818866992
"09181","Landsberg a.Lech",122107,44.761903114895,6947,6.3658605870117,-3.15579167234255,25034,22.9398235116239,1.69777668858664
"09182","Miesbach",97152,45.9382457589549,5234,6.24135463868352,-2.44298656669791,18513,22.076079179585,1.03196940174641
"09183","Mühldorf a.Inn",122037,44.0309240431322,7047,6.77257525083612,-1.22008009686132,24452,23.4997885672548,0.727141528939955
"09184","München (Land)",354396,44.0745438853216,21325,7.56441726496212,-1.43581637357571,62490,22.1664916711598,0.37992243907053
"09185","Neuburg-Schrobenhausen",99364,43.6023660290368,5874,6.78361492533866,-1.19321291735085,21042,24.3004469286646,0.748233782915864
"09186","Pfaffenhofen a.d. Ilm",130781,43.1990144925472,7299,6.45483648455049,-1.55141257878267,28671,25.3550646456428,0.730145073014507
"09187","Rosenheim (Land)",258637,45.1223577852032,14820,6.48390399271983,-1.97223133267738,52047,22.7711033137037,1.08503215392226
"09188","Starnberg",139329,45.9625226478719,7749,6.63475863486138,-4.50155150561601,23921,20.4813603438533,2.03412893461629
"09189","Traunstein",175144,45.6967083830845,9737,6.27715674518754,-2.0228146969094,35249,22.7239907683183,0.906202189007885
"09190","Weilheim-Schongau",138957,44.9182503997907,7973,6.4596363872055,-2.44225216554379,28249,22.8870272547558,1.14980209319832
"09261","Landshut (Stadt)",71863,43.523700132655,4022,7.2601898985523,4.09008542583484,13186,23.8023033322503,-1.13888010123379
"09262","Passau (Stadt)",53039,44.018022951058,3804,9.25097276264592,2.48075917208399,9220,22.4221789883268,-1.70619599191028
"09263","Straubing (Stadt)",49002,44.592271668382,2634,6.9191972260166,1.73665111456713,8971,23.5657244930125,-0.501282350198181
"09271","Deggendorf",121844,44.6098684036822,7499,7.0509143904847,-0.115118956254797,24885,23.39805368812,0.495216505417696
"09272","Freyung-Grafenau",78710,46.400508988012,4622,6.32146178674982,-1.46648497826228,16370,22.3890803654467,0.650525502632595
"09273","Kelheim",126037,43.5991394902836,7509,6.96806881768325,-1.76614670620085,25522,23.6834535044496,0.390252815954684
"09274","Landshut (Land)",162170,43.8179995636376,9548,6.66085318636855,-1.99502944881354,34214,23.8682897903659,1.02350414721122
"09275","Passau (Land)",194699,46.1065523554015,11093,6.36807752142689,-1.32529096933141,39128,22.4619252914803,0.638325035107877
"09276","Regen",77267,46.1743888728966,4503,6.36493420215698,-1.73053152039555,16162,22.8447849378772,0.477543122967354
"09277","Rottal-Inn",120497,45.1510405049211,6893,6.47412416643186,-1.60304306480098,24121,22.6552080398234,0.806643940350434
"09278","Straubing-Bogen",103041,44.40987360702,6205,6.60978311815587,-2.09804523590216,22357,23.8154586901871,0.894614421184469
"09279","Dingolfing-Landau",101035,43.8617804375947,5697,6.67557211656765,-1.52196856079542,20661,24.2099342637185,0.745784695201038
"09361","Amberg (Stadt)",42553,45.6841457195951,2477,6.78258488499452,1.44237131136694,8450,23.1380065717415,-0.15469793193291
"09362","Regensburg (Stadt)",151389,41.5207288678404,11745,9.79198799449748,9.24117415951058,32378,26.9940389345117,-2.59173475733985
"09363","Weiden in der Oberpfalz (Stadt)",42444,45.3977905549982,2507,7.0456972626609,0.538442273979464,8022,22.5451070766118,-1.1485674005888
"09371","Amberg-Sulzbach",103982,45.5159853159274,5970,6.24476987447699,-2.47479376718607,22319,23.3462343096234,0.899384232717566
"09372","Cham",128534,45.5300758052394,7483,6.35752699591344,-0.999746899519109,27503,23.3664392581328,0.375307207109045
"09373","Neumarkt in der Oberpfalz",138693,44.1214797721603,8278,6.71065858166607,-1.40319112821093,29322,23.7702260125166,0.768671444894567
"09374","Neustadt an der Waldnaab",96049,45.3168216174674,5609,6.2704721020447,-2.04574742268041,21136,23.6285787749718,0.707866062196771
"09375","Regensburg (Land)",196213,44.3707511833373,11134,6.34350892785925,-2.12977590544731,41923,23.8852995134402,1.30709379171143
"09376","Schwandorf",149312,44.8312099226341,8538,6.41337659996395,-1.64564694046207,31789,23.878522925305,0.697169134708687
"09377","Tirschenreuth",72210,46.3708297356602,4176,6.16939236803617,-1.43571894713944,15557,22.9830548538167,0.395138083580295
"09461","Bamberg (Stadt)",77150,43.2064294303971,4631,7.28133205452744,4.21323579218316,16623,26.1363815034355,-1.08672261674198
"09462","Bayreuth (Stadt)",72940,44.1351541748705,6571,10.7160912604576,4.79616306954436,13683,22.3144539212968,-2.17620907326898
"09463","Coburg (Stadt)",41064,45.5278114421305,2580,7.35797399041752,2.89322054676965,8167,23.2916951859457,-0.435811231478023
"09464","Hof (Stadt)",46778,44.8383897965387,2574,7.18873931743283,1.52143845089903,7507,20.9657599285036,-0.90066570943741
"09471","Bamberg (Land)",147777,44.6868469379714,8550,6.19978536415581,-2.88307915758896,33878,24.5656524639615,0.735388472662304
"09472","Bayreuth (Land)",103215,46.3665683299322,5892,6.06478574590071,-2.88059221113614,22255,22.9076386244094,0.88
"09473","Coburg (Land)",84468,46.6455950967512,4511,5.74079258825625,-3.21993560128797,18148,23.0955229199012,0.798979082283749
"09474","Forchheim",116184,45.1290920255624,6552,6.20225484906143,-2.68494715795487,25092,23.7525913725045,0.662278237135747
"09475","Hof (Land)",92191,47.7748651916562,4962,5.83957068210705,-3.02466840213214,18130,21.3364402391376,1.07408629348583
"09476","Kronach",64545,47.9804077088854,3497,5.86233487561188,-3.14679218967922,13053,21.8819151076242,0.325554810010189
"09477","Kulmbach",71518,47.2927323940157,3964,6.0132582940186,-2.28299828580334,14619,22.1765446519318,0.571156592099
"09478","Lichtenfels",67379,46.3291197201825,3544,5.76785365536098,-2.50191473066122,14078,22.9119197968882,0.667945711646415
"09479","Wunsiedel im Fichtelgebirge",70549,47.7233324245058,3730,5.89443742098609,-1.3568296516919,13290,21.0018963337547,0.535342771603998
"09561","Ansbach (Stadt)",40742,44.4652299847905,2411,7.15239253611795,-0.867360555110755,7776,23.0680233765463,-0.993171942892613
"09562","Erlangen (Stadt)",115928,41.8734625124117,8193,9.22271627173974,5.60852713178295,21147,23.8048066640401,-2.44624817892192
"09563","Fürth (Stadt)",132036,43.6182004857116,6903,6.66904973528616,1.87680234482107,26838,25.9284306527032,-0.778249064724798
"09564","Nürnberg (Stadt)",529508,43.401400718631,29646,7.57421303144808,4.99592723323378,99093,25.317125140838,-1.7065250081947
"09565","Schwabach (Stadt)",40835,45.2772196407407,2240,6.37160086471726,-2.44973095440385,7992,22.7329616566162,-0.11446012972148
"09571","Ansbach (Land)",187633,44.3581874228894,10853,6.45935007737174,-2.43367245162577,39765,23.6668253779312,0.836097643956792
"09572","Erlangen-Höchstadt",138325,44.6549704097532,7664,6.16389329001021,-2.9869798315037,29789,23.9582746889502,0.830782684739834
"09573","Fürth (Land)",117719,45.888980795091,6124,5.74500220456486,-2.72798129384256,25348,23.7792808428005,1.0805882904986
"09574","Nürnberger Land",168813,45.8022178870895,8999,5.93151632996078,-3.47628675818524,35755,23.5672148436213,1.06082834894481
"09575","Neustadt an der Aisch-Bad Winsheim",101043,45.0936635462788,5590,6.15564193765073,-2.78795956903254,21370,23.532391450375,0.940578328566889
"09576","Roth",128632,45.2495912970449,7239,6.13271884716069,-3.26133539041742,27946,23.6752259846322,1.38295783635203
"09577","Weißenburg-Gunzenhausen",94695,45.1599979885904,5644,6.69370715624185,-2.0829756795422,19210,22.7827984534738,0.837914287239152
"09661","Aschaffenburg (Stadt)",73091,44.490021486778,4037,6.87605389109366,1.34166666666667,14406,24.5371395479552,-1.02709069493522
"09662","Schweinfurt (Stadt)",54481,44.6101367112513,2952,6.9911190053286,1.05764760576476,9513,22.5293072824156,-1.18551746235181
"09663","Würzburg (Stadt)",133258,42.8460946500799,12097,10.7639877562642,9.5568430146872,28232,25.121013667426,-3.13552418815577
"09671","Aschaffenburg (Land)",170945,45.7929099688798,9178,6.02677838554834,-3.34477141173616,35070,23.0288862476771,0.835888239717707
"09672","Bad Kissingen",103489,47.0122229556881,5433,5.74798984341938,-2.9931277332879,20595,21.7890393567499,0.570781793192659
"09673","Rhön-Grabfeld",79375,45.8449053762698,4672,6.37380627557981,-2.37313636985365,16428,22.4120054570259,0.514133593448353
"09674","Haßberge",83869,45.4024053222522,4885,6.24848104989831,-2.46699987184416,18293,23.3988667033347,0.516114863009938
"09675","Kitzingen",91287,44.7584055891638,5075,6.28024106225792,-2.43580060422961,19191,23.7485923597619,0.838985445810372
"09676","Miltenberg",127547,45.4188383146118,7262,6.52043134332379,-2.71235776660492,24970,22.4201556930315,0.477700614186504
"09677","Main-Spessart",125282,46.6004371524016,6859,6.00686599057678,-3.0106934691817,25600,22.419561067031,0.694772167164805
"09678","Schweinfurt (Land)",113977,45.5641922433325,6299,5.97906047403442,-2.98389095415118,24610,23.3600060749305,0.752377015295577
"09679","Würzburg (Land)",162216,45.245182775603,9005,6.07817593973797,-2.73791675590776,35188,23.7511221507496,0.961935787663005
"09761","Augsburg (Stadt)",301105,42.8140929433425,19512,8.64912786187637,5.24531312325489,56447,25.0213878853698,-1.81960359710066
"09762","Kaufbeuren (Stadt)",46193,44.5403335847311,2579,6.91940330543035,-0.669953229680192,8505,22.8187379265937,-0.032186682760008
"09763","Kempten (Allgäu) (Stadt)",67645,44.0420138726032,4167,7.58380955847559,1.95619982854025,13275,24.1600844465475,-0.788593277043173
"09764","Memmingen (Stadt)",44192,44.185689960619,2410,6.93924560898359,-1.22177954847278,7853,22.6115750071984,-0.558634644145333
"09771","Aichach-Friedberg",136803,44.1937032731528,7975,6.50510620248621,-2.39563567362429,28992,23.6484061470195,1.08881521549468
"09772","Augsburg (Land)",262811,44.2852277060195,15209,6.56145785248045,-2.35391681551416,54912,23.6901028072461,1.10747733016203
"09773","Dillingen an der Donau",98899,44.3526311020238,5919,6.79150459536677,-1.92931258106355,20445,23.4587449657499,0.850502113723328
"09774","Günzburg",129846,43.8301370878625,7736,7.0697470390408,-1.65908708101735,25320,23.139347857874,0.539794957492805
"09775","Neu-Ulm",183595,43.7041086209642,10815,7.09510657420832,0.198249306127429,36818,24.154196379954,0.570390046134489
"09776","Lindau (Bodensee)",82411,45.6832748291764,4280,6.11891860980456,-3.23000216778669,15573,22.2639998856277,0.793242432038419
"09777","Ostallgäu",142047,44.5660537951006,8474,6.64867324681846,-1.8627564176577,29393,23.0616536162066,1.15502365711105
"09778","Unterallgäu",147255,44.2399497527214,8467,6.49957779995394,-1.95399732023225,30263,23.2309818070162,0.986895138073194
"09779","Donau-Ries",135098,44.3008357986645,8060,6.77299541184182,-1.74320229803644,28215,23.7096855515033,0.741084386077606
"09780","Oberallgäu",155413,45.6348504350604,8425,6.02327809314097,-2.4843086405833,32016,22.8891716830862,1.04748678530289
"10041","Regionalverband Saarbrücken",333149,45.2028652816873,17614,6.61213488544947,1.08196958202377,60328,22.6465807522082,-0.655656999641962
"10042","Merzig-Wadern",108779,46.5129065859405,5757,6.23659408514787,-2.62755380749481,20749,22.4775213952984,0.205997892114592
"10043","Neunkirchen",133179,46.6675774476768,6751,5.85475422347105,-0.978455169818421,26034,22.577791653658,0.297468272215944
"10044","Saarlouis",205129,46.782548775718,10422,5.84481134191754,-1.9046753875969,40512,22.7197272197048,0.316208164827667
"10045","Saarpfalz-Kreis",144092,47.3202947667321,7667,6.06676847844149,-0.462731365682841,27756,21.9628571654652,0.497017892644135
"10046","St. Wendel",87813,47.8990598753529,4307,5.34778613822047,-3.06595365418895,17947,22.2838908341404,0.570718200824999
"11000","Berlin (BL)",3685265,42.7847765436251,191780,6.714544000605,3.12272219571157,770111,26.9628959998432,-1.3259796096598
"12051","Brandenburg an der Havel (Stadt)",74113,47.9104405259148,3948,5.83781865499497,4.22885572139303,16098,23.8037499260661,0.650817114231748
"12052","Cottbus (Stadt)",95123,47.0151484524577,5408,6.50750866384289,2.42585889375754,18164,21.8569503273007,-0.780904931008286
"12053","Frankfurt (Oder) (Stadt)",57107,47.8004244352561,2879,6.05137043887674,0.906056270863138,9943,20.8991928703548,-0.0761687137008474
"12054","Potsdam (Stadt)",184754,43.4234278748851,11848,7.30222123610187,3.96360136494881,44497,27.4246234252891,-0.873632700057571
"12060","Barnim",194169,47.0669548558437,9660,5.30198248040572,-1.43470402169001,44345,24.3391731980944,2.16958523960845
"12061","Dahme-Spreewald",178793,46.7546256646905,8511,5.12822057795667,-1.54793743415188,40324,24.2968354582922,1.91951382198177
"12062","Elbe-Elster",97967,50.031993123524,4183,4.46139078498294,-4.69460285974047,20007,21.338523890785,1.08491616556902
"12063","Havelland",170834,46.3507125500009,9130,5.76199732411077,-2.83075991522858,37398,23.6021003206018,2.19689285142278
"12064","Märkisch-Oderland",197817,47.6897854963649,9274,4.93368728487602,-3.85939912124451,44976,23.9268405568885,2.17976654267456
"12065","Oberhavel",217690,47.0674179290271,11583,5.64333425902919,-2.95506100177794,48822,23.786485814929,1.64248286981056
"12066","Oberspreewald-Lausitz",107793,49.8248413169468,4797,4.71236590828716,-2.77659120034173,21852,21.4664623364376,0.777088972321662
"12067","Oder-Spree",179817,48.557338965158,8068,4.84264989225884,-3.1916777335104,37527,22.5248044753096,1.66203547406965
"12068","Ostprignitz-Ruppin",99152,48.716791374011,4842,5.1739613609164,-1.19956379498364,20827,22.2548726277996,1.11562339541614
"12069","Potsdam-Mittelmark",221268,47.0649913678587,11583,5.57217903325123,-5.12484803142243,47911,23.0483181958128,2.41674034777483
"12070","Prignitz",75595,49.6375658976143,3398,4.80901229850408,-2.66785678865417,15026,21.2655146548918,1.04193687851275
"12071","Spree-Neiße",109635,50.4334944556923,4391,4.20650278773016,-5.51772716600141,21591,20.6838081735099,1.61421575154985
"12072","Teltow-Fläming",177688,45.957976575166,8992,5.49740780592781,-2.3272131914396,40772,24.9266360168248,2.38012994489678
"12073","Uckermark",117432,49.8815644038547,5430,4.93483832270026,-3.19072735560331,22983,20.887180326081,1.12232971427767
"13003","Rostock (Stadt)",205307,45.9699466521677,16602,8.82521794599192,7.76937696248554,46149,24.5316819051669,-1.24788494077834
"13004","Schwerin (Stadt)",98308,47.0101975490853,5830,6.63246151920911,1.95937443825274,21163,24.0759490790776,-0.172863514994367
"13071","Mecklenburgische Seenplatte",246318,49.1173345614455,11700,5.00209489444297,-3.6376416835076,50998,21.8031483270771,0.929609865555409
"13072","Rostock (Land)",218721,47.9497670671656,9466,4.55904946756506,-6.214174543522,48621,23.4170234695204,1.79051149795831
"13073","Vorpommern-Rügen",215203,49.3439203410475,9700,4.79855944277347,-3.37231341415442,44867,22.1955635586513,1.12284626470778
"13074","Nordwestmecklenburg",156692,47.6806321428852,7830,5.27407686815481,-3.47312668229574,35029,23.5945898613787,1.16756016036592
"13075","Vorpommern-Greifswald",224956,48.3692798402867,13261,6.28272003259567,1.06020739823557,46146,21.8627855081939,0.462632455661473
"13076","Ludwigslust-Parchim",208092,48.169088295418,8915,4.57395283928828,-5.05248586918906,44391,22.7753606829889,1.28157544265659
"14511","Chemnitz (Stadt)",245618,46.674173737623,13523,6.39557705859262,3.25083784480536,48860,23.107882502613,-0.714571093601609
"14521","Erzgebirgskreis",318394,49.6258509874214,15956,5.21044570928482,-4.0582199321795,65259,21.3103833380683,0.396246388006752
"14522","Mittelsachsen",296431,48.81579818407,14907,5.33885830733802,-3.15835581068308,60342,21.6111483183331,0.779480697319218
"14523","Vogtlandkreis",219100,49.965197697787,10440,5.09715848061713,-3.08214662447257,42550,20.7743384435114,0.374217928641273
"14524","Zwickau",306793,49.1748485622386,15055,5.25384572433624,-3.05355500213143,61456,21.4467182221726,0.303198487090939
"14612","Dresden (Stadt)",564904,43.6015529127503,41198,8.25993596233928,6.03575446930866,132775,26.6205397689111,-1.27718646535441
"14625","Bautzen",292608,48.7779488760231,13990,4.98418172490452,-4.63102409638554,62353,22.2143447528929,1.01509167340175
"14626","Görlitz",243958,49.8860861286703,11472,5.07168530086606,-3.90521097811631,45500,20.1152093086999,0.676984606411565
"14627","Meißen",239221,48.8621435962965,11568,5.11112092961605,-4.41521551191799,50049,22.1132859099545,1.16456371745511
"14628","Sächsische Schweiz-Osterzgebirge",243996,48.3460497859631,12448,5.3603186564754,-3.78397273442279,52707,22.6965227688664,1.01643273057909
"14713","Leipzig (Stadt)",611850,42.2934235498677,46627,8.84039808050721,8.97739914514901,152734,28.9581006804682,-1.23971631205674
"14729","Leipzig (Land)",260127,48.1905485797665,12668,5.11262052070595,-3.67768236620696,57286,23.1197962700632,1.70536578737282
"14730","Nordsachsen",199422,47.978094546312,9735,5.20841693016388,-3.00969791550552,43285,23.158328384401,1.23244929797192
"15001","Dessau-Roßlau (Stadt)",75402,50.3329752162019,3352,4.89485981308411,-1.29950495049505,13660,19.9474299065421,0.0880608083055247
"15002","Halle (Saale) (Stadt)",226767,44.7207917420573,17377,8.84649846254098,4.71506812970228,45584,23.2064675097237,-1.30844677432992
"15003","Magdeburg (Stadt)",244329,45.1079486241003,15690,7.46236712563316,4.70548904072379,51486,24.4874081472498,-1.0117065294177
"15081","Altmarkkreis Salzwedel",79980,48.4355379405407,3770,4.96575342465754,-4.17447150120417,16867,22.2168071654373,0.639232920495405
"15082","Anhalt-Bitterfeld",153035,49.4346330229356,6879,4.82148113881997,-2.76685817961899,31369,21.9864866759185,0.88860518369911
"15083","Börde",167924,47.8284210002032,7669,4.8179071096955,-4.24384849322643,37718,23.6956344195455,1.17463069678889
"15084","Burgenlandkreis",173684,49.2766024707891,7749,4.85307380129265,-3.20057216932636,34444,21.5717220301618,0.776015092796535
"15085","Harz",205484,49.9183561122498,9931,5.08557031514046,-2.51513900357831,42411,21.7182683149151,0.540467504391298
"15086","Jerichower Land",88509,48.8421663564959,3857,4.62508843667934,-4.36171183502144,18744,22.4767066780185,1.36093340961495
"15087","Mansfeld-Südharz",129029,50.689351002751,5931,4.80955586010039,-3.55501250945482,25427,20.6192171395671,0.621332839231672
"15088","Saalekreis",182451,48.0761525323646,8542,4.97948048314135,-3.49733497334973,39917,23.2692487058714,1.28279554287004
"15089","Salzlandkreis",180771,49.4393478187984,8696,5.09050038635353,-2.13270142180095,37027,21.675018146908,0.729453299413322
"15090","Stendal",106538,48.7096878148217,5193,5.16459472899055,-3.41679707876891,21531,21.4132272501243,0.525752985207628
"15091","Wittenberg",121694,49.9714412056202,5147,4.47254084115398,-3.76696458126448,24379,21.1843934654154,1.13096643837414
"16051","Erfurt (Stadt)",218793,44.9032334350375,15334,7.97553351398865,4.75013361838589,47838,24.8815424704701,-0.971326236460351
"16052","Gera (Stadt)",95608,48.0942995890951,4627,5.6423388817755,0.422125181950509,17318,21.1182244985062,-0.107679953277851
"16053","Jena (Stadt)",109725,43.7337174367003,8820,9.18529935536277,6.24444444444444,24008,25.0023431886111,-1.96359011050163
"16054","Suhl (Stadt)",34685,51.548767217801,1377,4.43164263645726,-2.86788904560414,5896,18.9752832131823,-0.116144018583043
"16055","Weimar (Stadt)",65954,45.4257057204105,4592,7.86193672099712,3.1906149592767,13661,23.3889193261197,-0.466703817219281
"16061","Eichsfeld",103694,47.0285219937783,5367,5.46231743931606,-4.05054644808743,23277,23.690397435245,0.182812745476099
"16062","Nordhausen",80762,48.463377352312,3901,5.25578324778034,-3.86178861788618,16127,21.727766325802,0.16635353060905
"16063","Wartburgkreis",154957,48.3914937586316,7458,5.21181288347846,-3.48642911981213,31957,22.3322478301584,0.122563324384265
"16064","Unstrut-Hainich-Kreis",94613,47.7862396449671,4756,5.38319618784593,-3.59006470465456,19741,22.3443389285674,0.55818078940527
"16065","Kyffhäuserkreis",71738,49.3786883865793,3379,4.98465805157255,-3.86603061021666,14689,21.6690269664247,0.564241719429728
"16066","Schmalkalden-Meiningen",120214,48.8716876406624,5579,4.97933828976375,-3.48312578956867,24784,22.1200788982801,0.279311877102774
"16067","Gotha",135838,47.7647355991219,6561,5.35063325205307,-3.65701135624594,27597,22.5059329152429,0.372445841590925
"16068","Sömmerda",67693,47.8667110325869,3301,5.17463004765488,-4.48411433428966,14678,23.0091547529471,1.18969799973853
"16069","Hildburghausen",59987,48.5817078317691,2791,4.91329988557345,-4.15590802901758,13236,23.3007657776604,0.112462219723062
"16070","Ilm-Kreis",106657,47.6781129004345,5221,5.43605014368415,-2.85731880041874,21766,22.6625296738995,0.565645852666932
"16071","Weimarer Land",82392,47.0826240017095,4042,5.25508346767903,-4.31887866841875,17755,23.0836236933798,0.830317223759847
"16072","Sonneberg",54964,49.787806137272,2551,5.05799543967483,-2.92008864554817,10727,21.268960047586,-0.0229016374670789
"16073","Saalfeld-Rudolstadt",100105,50.097790525968,4572,4.84322033898305,-3.21707976895518,19897,21.0773305084746,0.231751512606349
"16074","Saale-Holzland-Kreis",83342,48.4521904875425,4175,5.30988082974042,-3.06952049112328,17655,22.4541188141478,0.89818207947115
"16075","Saale-Orla-Kreis",77341,49.1311522947648,3718,5.10538963268109,-3.08609035930274,15638,21.4733951253004,0.398604882909816
"16076","Greiz",93707,50.5446805045507,4136,4.64015257755091,-4.81796927187709,18124,20.3332024457284,0.745435495783308
"16077","Altenburger Land",87508,50.4386608819701,3909,4.85698665540121,-3.42447571011415,16172,20.0939340473646,0.43979463334302
